index,Name,Age,Salary,Gender,Department,Position,Joining Date,Performance Score,Email,Phone Number
0, grace ,25.0,50000,Male,HR,Manager,"April 5, 2018",D,email@example.com,-8110
1, david ,35.0,65000,Female,Finance,Director,2020/02/20,F,user@domain.com,123-456-7890
2, hannah ,35.0,60000,Female,Sales,Director,01/15/2020,C,email@example.com,098-765-4321
3, eve ,35.0,50000,Female,IT,Manager,"April 5, 2018",A,name@company.org, 
4, grace ,35.0,50140,Female,Finance,Manager,01/15/2020,F,name@company.org,098-765-4321
5, jack ,35.0,65000,Other,Marketing,Director,03-25-2019,F,user@domain.com,-8110
6, charlie ,35.0,50000,Male,Marketing,Clerk,2019.12.01,B,"user@domain,com",123-456-7890
7, grace ,40.0,50000,Other,HR,Director,03-25-2019,C,"user@domain,com", 
8, hannah ,40.0,60000,Female,Marketing,Manager,01/15/2020,C,user@domain.com,123-456-7890
9, eve ,30.0,50140,Other,Finance,Assistant,2020/02/20,A,"user@domain,com", 
10, david ,25.0,70000,Male,Marketing,Analyst,2019.12.01,B,"user@domain,com",123-456-7890
11, hannah ,35.0,70000,Other,Finance,Assistant,03-25-2019,A,"user@domain,com",-8110
12, hannah ,30.0,50000,Male,IT,Assistant,"April 5, 2018",D,"user@domain,com", 
13, charlie ,25.0,55000,Other,HR,Manager,2020/02/20,F,"user@domain,com",555-555-5555
14, frank ,50.0,50140,Male,Marketing,Director,03-25-2019,A,"user@domain,com",123-456-7890
15, eve ,35.0,65000,Male,Finance,Clerk,"April 5, 2018",F,"user@domain,com",123-456-7890
16, bob ,40.0,55000,Female,Sales,Assistant,01/15/2020,B,"user@domain,com",098-765-4321
17, hannah ,50.0,55000,Male,HR,Director,"April 5, 2018",D,user@domain.com, 
18, frank ,25.0,50140,Female,IT,Clerk,03-25-2019,B,email@example.com,555-555-5555
19, bob ,50.0,50000,Female,Finance,Assistant,03-25-2019,D,user@domain.com,-8110
20, eve ,35.0,50000,Female,IT,Clerk,01/15/2020,D,email@example.com,098-765-4321
21, alice ,25.0,50000,Other,IT,Director,"April 5, 2018",F,user@domain.com,555-555-5555
22, jack ,50.0,50000,Other,Marketing,Analyst,"April 5, 2018",B,email@example.com, 
23, frank ,40.0,70000,Other,Marketing,Director,01/15/2020,B,email@example.com,555-555-5555
24, ivy ,40.0,50000,Other,Finance,Manager,"April 5, 2018",A,name@company.org,123-456-7890
25, alice ,30.0,70000,Male,Sales,Clerk,01/15/2020,B,email@example.com,123-456-7890
26, jack ,50.0,70000,Male,Finance,Analyst,2020/02/20,A,email@example.com,098-765-4321
27, charlie ,35.0,50000,Other,Sales,Clerk,03-25-2019,C,name@company.org, 
28, grace ,50.0,60000,Male,IT,Clerk,2020/02/20,C,"user@domain,com", 
29, david ,25.0,65000,Male,HR,Assistant,2019.12.01,C,"user@domain,com",555-555-5555
30, ivy ,25.0,55000,Female,Finance,Manager,2019.12.01,B,name@company.org,098-765-4321
31, charlie ,50.0,70000,Female,Finance,Clerk,2019.12.01,B,"user@domain,com", 
32, eve ,35.0,50140,Female,Sales,Director,01/15/2020,A,email@example.com,123-456-7890
33, charlie ,40.0,50140,Female,IT,Director,"April 5, 2018",D,email@example.com,555-555-5555
34, grace ,25.0,65000,Male,IT,Assistant,2020/02/20,A,name@company.org,-8110
35, eve ,40.0,50140,Other,Sales,Manager,2020/02/20,C,name@company.org,123-456-7890
36, ivy ,25.0,60000,Male,IT,Manager,2020/02/20,A,"user@domain,com",098-765-4321
37, grace ,30.0,50140,Male,Marketing,Director,2020/02/20,D,"user@domain,com", 
38, bob ,35.0,55000,Male,HR,Analyst,2019.12.01,B,user@domain.com,123-456-7890
39, david ,25.0,55000,Female,Finance,Assistant,2020/02/20,A,"user@domain,com",-8110
40, ivy ,40.0,70000,Female,HR,Assistant,"April 5, 2018",C,email@example.com,-8110
41, bob ,30.0,50000,Female,Finance,Director,2019.12.01,C,name@company.org,098-765-4321
42, jack ,25.0,60000,Other,Marketing,Director,2020/02/20,B,"user@domain,com",123-456-7890
43, ivy ,35.0,70000,Male,IT,Analyst,01/15/2020,A,"user@domain,com",555-555-5555
44, jack ,35.0,60000,Other,Sales,Analyst,03-25-2019,D,"user@domain,com",123-456-7890
45, eve ,25.0,50000,Female,Marketing,Manager,03-25-2019,B,"user@domain,com",-8110
46, bob ,30.0,50140,Other,HR,Assistant,03-25-2019,A,email@example.com,098-765-4321
47, david ,35.0,50140,Male,Sales,Assistant,2019.12.01,F,user@domain.com,098-765-4321
48, grace ,50.0,50000,Male,IT,Director,2020/02/20,C,"user@domain,com",555-555-5555
49, hannah ,30.0,70000,Female,Marketing,Manager,2019.12.01,D,"user@domain,com",098-765-4321
50, charlie ,30.0,50000,Female,Sales,Assistant,"April 5, 2018",D,user@domain.com,098-765-4321
51, alice ,35.0,65000,Other,Marketing,Manager,01/15/2020,D,"user@domain,com",098-765-4321
52, david ,30.0,55000,Female,Marketing,Manager,01/15/2020,C,"user@domain,com",098-765-4321
53, bob ,35.0,70000,Female,IT,Director,03-25-2019,A,"user@domain,com",098-765-4321
54, hannah ,25.0,60000,Male,Finance,Manager,03-25-2019,B,"user@domain,com",-8110
55, david ,35.0,65000,Female,Sales,Analyst,03-25-2019,A,user@domain.com,123-456-7890
56, bob ,35.0,70000,Female,IT,Analyst,2020/02/20,B,email@example.com, 
57, frank ,35.0,50000,Male,Marketing,Clerk,"April 5, 2018",D,"user@domain,com",098-765-4321
58, frank ,35.0,50000,Male,IT,Director,"April 5, 2018",A,email@example.com, 
59, jack ,35.0,50000,Other,Finance,Clerk,"April 5, 2018",D,user@domain.com, 
60, david ,50.0,50000,Female,Sales,Analyst,"April 5, 2018",F,user@domain.com,-8110
61, frank ,25.0,60000,Male,Finance,Clerk,03-25-2019,D,"user@domain,com",098-765-4321
62, bob ,35.0,65000,Other,HR,Director,01/15/2020,D,"user@domain,com", 
63, jack ,50.0,50140,Other,Sales,Director,03-25-2019,B,name@company.org,098-765-4321
64, bob ,40.0,55000,Female,Finance,Manager,"April 5, 2018",F,user@domain.com,555-555-5555
65, jack ,25.0,60000,Female,Marketing,Assistant,03-25-2019,D,"user@domain,com",555-555-5555
66, david ,25.0,60000,Other,Sales,Manager,"April 5, 2018",D,email@example.com,555-555-5555
67, hannah ,40.0,50140,Male,Sales,Director,2019.12.01,F,"user@domain,com", 
68, grace ,35.0,50140,Other,IT,Analyst,01/15/2020,F,email@example.com,555-555-5555
69, ivy ,50.0,55000,Female,Marketing,Analyst,2019.12.01,A,user@domain.com,-8110
70, hannah ,30.0,55000,Male,HR,Manager,2020/02/20,B,user@domain.com,-8110
71, eve ,35.0,50140,Male,Finance,Director,03-25-2019,F,email@example.com, 
72, bob ,30.0,50000,Other,IT,Analyst,2020/02/20,F,user@domain.com,098-765-4321
73, eve ,40.0,60000,Female,Finance,Director,03-25-2019,C,"user@domain,com",123-456-7890
74, hannah ,25.0,70000,Other,HR,Analyst,2019.12.01,F,user@domain.com,098-765-4321
75, jack ,25.0,55000,Other,HR,Director,"April 5, 2018",B,"user@domain,com",098-765-4321
76, ivy ,35.0,55000,Other,Sales,Clerk,"April 5, 2018",D,"user@domain,com",098-765-4321
77, ivy ,25.0,50140,Male,HR,Director,03-25-2019,D,name@company.org,098-765-4321
78, alice ,25.0,65000,Male,Finance,Director,"April 5, 2018",D,user@domain.com,123-456-7890
79, ivy ,35.0,70000,Female,Marketing,Manager,2019.12.01,D,user@domain.com,555-555-5555
80, grace ,50.0,70000,Female,Marketing,Clerk,"April 5, 2018",C,"user@domain,com",098-765-4321
81, ivy ,50.0,55000,Other,Sales,Assistant,2019.12.01,F,"user@domain,com",-8110
82, hannah ,35.0,50000,Other,Finance,Manager,2020/02/20,D,email@example.com, 
83, alice ,40.0,65000,Other,Finance,Assistant,2019.12.01,A,email@example.com, 
84, hannah ,25.0,70000,Female,HR,Analyst,01/15/2020,D,email@example.com,-8110
85, hannah ,25.0,55000,Male,Finance,Assistant,01/15/2020,F,"user@domain,com",098-765-4321
86, charlie ,40.0,70000,Male,IT,Director,01/15/2020,D,email@example.com,123-456-7890
87, alice ,50.0,65000,Other,HR,Assistant,03-25-2019,C,email@example.com,555-555-5555
88, hannah ,35.0,65000,Other,IT,Manager,03-25-2019,B,name@company.org, 
89, charlie ,35.0,60000,Other,Sales,Manager,03-25-2019,B,email@example.com,555-555-5555
90, charlie ,35.0,50140,Other,Marketing,Assistant,2019.12.01,F,user@domain.com,123-456-7890
91, alice ,50.0,50140,Female,Sales,Manager,03-25-2019,B,"user@domain,com", 
92, eve ,50.0,55000,Male,Marketing,Manager,2020/02/20,B,"user@domain,com",555-555-5555
93, jack ,40.0,65000,Other,Sales,Assistant,01/15/2020,A,name@company.org,123-456-7890
94, grace ,25.0,60000,Female,Finance,Clerk,2019.12.01,F,"user@domain,com",555-555-5555
95, jack ,40.0,60000,Other,IT,Clerk,01/15/2020,F,"user@domain,com",098-765-4321
96, ivy ,40.0,70000,Other,Marketing,Analyst,03-25-2019,B,user@domain.com,123-456-7890
97, grace ,50.0,70000,Male,HR,Manager,2019.12.01,B,email@example.com,555-555-5555
98, ivy ,35.0,60000,Other,IT,Assistant,"April 5, 2018",B,user@domain.com,098-765-4321
99, hannah ,30.0,70000,Male,HR,Manager,2020/02/20,C,email@example.com,098-765-4321
100, bob ,25.0,65000,Male,IT,Director,03-25-2019,D,email@example.com,123-456-7890
101, alice ,50.0,50000,Male,IT,Manager,03-25-2019,C,"user@domain,com",-8110
102, grace ,35.0,65000,Female,Sales,Manager,2020/02/20,F,email@example.com, 
103, grace ,30.0,60000,Female,Marketing,Clerk,2020/02/20,A,name@company.org,123-456-7890
104, hannah ,30.0,60000,Male,Marketing,Assistant,"April 5, 2018",D,name@company.org,098-765-4321
105, eve ,50.0,65000,Other,IT,Manager,03-25-2019,A,name@company.org,098-765-4321
106, charlie ,35.0,70000,Male,Finance,Clerk,03-25-2019,F,"user@domain,com",123-456-7890
107, hannah ,25.0,70000,Other,Finance,Analyst,01/15/2020,F,user@domain.com,-8110
108, frank ,30.0,50140,Male,HR,Clerk,2019.12.01,A,"user@domain,com", 
109, charlie ,50.0,60000,Other,HR,Clerk,2019.12.01,A,email@example.com,555-555-5555
110, alice ,50.0,55000,Female,Sales,Clerk,01/15/2020,A,"user@domain,com",123-456-7890
111, charlie ,35.0,50140,Other,IT,Manager,2019.12.01,F,user@domain.com, 
112, eve ,35.0,70000,Male,HR,Manager,2020/02/20,B,user@domain.com, 
113, charlie ,25.0,65000,Female,HR,Analyst,2019.12.01,A,"user@domain,com",098-765-4321
114, alice ,40.0,70000,Other,IT,Director,2019.12.01,D,name@company.org,555-555-5555
115, eve ,35.0,65000,Other,Sales,Director,01/15/2020,F,name@company.org,123-456-7890
116, jack ,30.0,50140,Other,HR,Director,"April 5, 2018",C,user@domain.com,098-765-4321
117, grace ,30.0,60000,Other,Sales,Analyst,2019.12.01,C,"user@domain,com",098-765-4321
118, grace ,35.0,70000,Other,Marketing,Director,2019.12.01,D,"user@domain,com",-8110
119, ivy ,50.0,65000,Female,Sales,Director,"April 5, 2018",B,email@example.com, 
120, jack ,30.0,60000,Female,Finance,Clerk,01/15/2020,A,name@company.org,123-456-7890
121, jack ,35.0,55000,Female,Finance,Manager,"April 5, 2018",F,user@domain.com,123-456-7890
122, charlie ,25.0,65000,Female,Sales,Manager,01/15/2020,A,"user@domain,com",123-456-7890
123, grace ,35.0,50140,Male,Finance,Clerk,2020/02/20,F,name@company.org,098-765-4321
124, alice ,30.0,55000,Female,Marketing,Clerk,01/15/2020,C,email@example.com,-8110
125, david ,40.0,55000,Other,IT,Clerk,2020/02/20,A,"user@domain,com",555-555-5555
126, david ,25.0,50000,Other,Finance,Manager,2020/02/20,D,user@domain.com,098-765-4321
127, eve ,25.0,70000,Female,Finance,Director,01/15/2020,B,name@company.org,555-555-5555
128, grace ,35.0,65000,Other,Sales,Clerk,03-25-2019,D,"user@domain,com",-8110
129, grace ,35.0,55000,Female,Marketing,Analyst,01/15/2020,B,email@example.com, 
130, david ,40.0,50000,Other,IT,Clerk,2019.12.01,A,email@example.com,123-456-7890
131, grace ,50.0,50140,Male,Sales,Assistant,2019.12.01,A,name@company.org,555-555-5555
132, charlie ,25.0,60000,Male,Sales,Clerk,03-25-2019,B,"user@domain,com",098-765-4321
133, frank ,40.0,65000,Female,Marketing,Manager,2020/02/20,C,email@example.com,555-555-5555
134, bob ,35.0,55000,Female,IT,Clerk,03-25-2019,F,user@domain.com, 
135, jack ,35.0,70000,Female,Marketing,Assistant,2019.12.01,D,email@example.com,123-456-7890
136, ivy ,25.0,50000,Other,IT,Analyst,03-25-2019,D,"user@domain,com",555-555-5555
137, eve ,35.0,55000,Female,Marketing,Director,01/15/2020,D,"user@domain,com", 
138, frank ,30.0,70000,Male,Sales,Clerk,03-25-2019,A,"user@domain,com",098-765-4321
139, david ,35.0,55000,Other,Sales,Assistant,2020/02/20,D,name@company.org,-8110
140, jack ,50.0,65000,Female,HR,Assistant,01/15/2020,F,"user@domain,com",098-765-4321
141, grace ,50.0,65000,Other,Finance,Analyst,"April 5, 2018",F,email@example.com,123-456-7890
142, ivy ,35.0,65000,Other,Marketing,Manager,2019.12.01,B,email@example.com,098-765-4321
143, grace ,35.0,50140,Female,HR,Clerk,2019.12.01,A,"user@domain,com",098-765-4321
144, alice ,35.0,50140,Other,Finance,Assistant,03-25-2019,F,"user@domain,com",098-765-4321
145, alice ,40.0,50000,Male,Marketing,Analyst,01/15/2020,C,user@domain.com,098-765-4321
146, ivy ,50.0,65000,Male,IT,Director,"April 5, 2018",A,"user@domain,com",123-456-7890
147, ivy ,40.0,70000,Other,Finance,Assistant,01/15/2020,A,user@domain.com, 
148, david ,50.0,55000,Female,Sales,Analyst,2019.12.01,F,email@example.com,555-555-5555
149, ivy ,30.0,60000,Other,HR,Manager,01/15/2020,C,user@domain.com,-8110
150, charlie ,30.0,70000,Male,Finance,Manager,"April 5, 2018",B,user@domain.com,555-555-5555
151, grace ,25.0,50140,Other,Finance,Assistant,03-25-2019,F,name@company.org,555-555-5555
152, frank ,40.0,50140,Other,Sales,Assistant,2020/02/20,C,"user@domain,com",-8110
153, hannah ,35.0,70000,Male,Marketing,Clerk,01/15/2020,A,user@domain.com,123-456-7890
154, ivy ,40.0,50140,Other,IT,Analyst,2020/02/20,C,email@example.com,-8110
155, eve ,35.0,65000,Other,Sales,Assistant,2019.12.01,A,"user@domain,com",123-456-7890
156, alice ,35.0,50000,Female,IT,Clerk,03-25-2019,F,user@domain.com,555-555-5555
157, charlie ,40.0,55000,Female,Marketing,Clerk,03-25-2019,F,"user@domain,com",123-456-7890
158, jack ,35.0,50000,Male,Finance,Assistant,01/15/2020,D,name@company.org, 
159, hannah ,30.0,55000,Male,IT,Manager,03-25-2019,D,email@example.com,-8110
160, frank ,30.0,55000,Male,HR,Analyst,01/15/2020,D,name@company.org, 
161, hannah ,25.0,50000,Female,HR,Analyst,01/15/2020,F,"user@domain,com",555-555-5555
162, ivy ,40.0,70000,Male,Sales,Manager,2020/02/20,B,user@domain.com,-8110
163, david ,35.0,55000,Male,Marketing,Assistant,03-25-2019,F,user@domain.com,555-555-5555
164, alice ,35.0,50000,Male,Sales,Analyst,01/15/2020,C,"user@domain,com", 
165, alice ,30.0,55000,Female,Sales,Assistant,2020/02/20,F,user@domain.com,555-555-5555
166, jack ,30.0,60000,Other,Sales,Assistant,"April 5, 2018",F,email@example.com,-8110
167, david ,35.0,70000,Male,HR,Clerk,2020/02/20,A,"user@domain,com",-8110
168, grace ,35.0,65000,Other,HR,Manager,2020/02/20,A,name@company.org,555-555-5555
169, bob ,35.0,55000,Male,Sales,Assistant,01/15/2020,A,"user@domain,com",-8110
170, charlie ,40.0,60000,Other,HR,Director,2019.12.01,F,user@domain.com,-8110
171, alice ,40.0,65000,Female,Marketing,Manager,2019.12.01,B,name@company.org,555-555-5555
172, eve ,50.0,65000,Female,Sales,Analyst,2019.12.01,C,"user@domain,com", 
173, alice ,50.0,55000,Male,HR,Clerk,2020/02/20,C,"user@domain,com",-8110
174, hannah ,25.0,50000,Other,IT,Analyst,01/15/2020,B,name@company.org,-8110
175, alice ,30.0,55000,Female,Sales,Analyst,03-25-2019,B,name@company.org,-8110
176, alice ,40.0,60000,Male,Sales,Manager,2020/02/20,C,name@company.org,-8110
177, bob ,35.0,65000,Male,Marketing,Analyst,2020/02/20,D,email@example.com,555-555-5555
178, bob ,35.0,55000,Female,Finance,Assistant,01/15/2020,A,"user@domain,com", 
179, frank ,35.0,50000,Female,Finance,Analyst,"April 5, 2018",A,name@company.org, 
180, grace ,30.0,55000,Male,Marketing,Clerk,2020/02/20,C,"user@domain,com",123-456-7890
181, eve ,50.0,70000,Other,Marketing,Clerk,"April 5, 2018",B,name@company.org,-8110
182, alice ,35.0,50000,Other,Marketing,Director,"April 5, 2018",D,"user@domain,com",-8110
183, alice ,25.0,60000,Other,Finance,Clerk,2019.12.01,C,"user@domain,com",123-456-7890
184, charlie ,30.0,65000,Male,Marketing,Analyst,01/15/2020,A,"user@domain,com", 
185, bob ,50.0,55000,Female,HR,Clerk,"April 5, 2018",F,user@domain.com,098-765-4321
186, eve ,35.0,50000,Male,Sales,Manager,01/15/2020,B,name@company.org,098-765-4321
187, jack ,50.0,70000,Female,Sales,Clerk,2019.12.01,F,user@domain.com, 
188, frank ,25.0,50000,Other,IT,Assistant,01/15/2020,C,"user@domain,com",-8110
189, grace ,30.0,50140,Other,IT,Manager,2020/02/20,A,user@domain.com,098-765-4321
190, david ,35.0,70000,Female,Sales,Director,"April 5, 2018",D,"user@domain,com",555-555-5555
191, grace ,25.0,60000,Female,HR,Assistant,01/15/2020,F,"user@domain,com",555-555-5555
192, hannah ,50.0,65000,Male,Finance,Analyst,03-25-2019,D,"user@domain,com",123-456-7890
193, alice ,25.0,60000,Other,Finance,Analyst,01/15/2020,A,user@domain.com, 
194, frank ,30.0,55000,Male,HR,Analyst,"April 5, 2018",F,name@company.org, 
195, hannah ,40.0,50000,Male,Finance,Assistant,2019.12.01,D,user@domain.com,098-765-4321
196, eve ,25.0,50140,Male,Marketing,Assistant,2019.12.01,D,name@company.org,-8110
197, david ,25.0,70000,Other,Sales,Assistant,"April 5, 2018",F,name@company.org, 
198, bob ,50.0,70000,Male,Sales,Manager,2020/02/20,A,"user@domain,com",098-765-4321
199, frank ,50.0,50000,Male,HR,Manager,2020/02/20,D,user@domain.com,098-765-4321
200, frank ,35.0,50140,Male,Finance,Analyst,2019.12.01,C,name@company.org, 
201, alice ,50.0,50000,Male,IT,Clerk,2019.12.01,F,"user@domain,com",098-765-4321
202, ivy ,35.0,55000,Male,IT,Analyst,"April 5, 2018",B,name@company.org,123-456-7890
203, frank ,30.0,60000,Male,Finance,Director,2020/02/20,B,"user@domain,com",123-456-7890
204, charlie ,30.0,70000,Other,IT,Manager,2019.12.01,A,user@domain.com, 
205, david ,40.0,55000,Male,HR,Assistant,2020/02/20,C,user@domain.com,-8110
206, david ,40.0,60000,Female,HR,Manager,2019.12.01,D,user@domain.com,123-456-7890
207, charlie ,30.0,55000,Male,Finance,Assistant,01/15/2020,B,name@company.org,123-456-7890
208, jack ,40.0,50140,Male,IT,Director,03-25-2019,A,email@example.com, 
209, charlie ,35.0,70000,Other,HR,Director,01/15/2020,C,name@company.org,555-555-5555
210, charlie ,50.0,50000,Other,HR,Manager,2019.12.01,C,name@company.org,098-765-4321
211, david ,30.0,50000,Female,Marketing,Assistant,03-25-2019,A,"user@domain,com",123-456-7890
212, grace ,40.0,60000,Female,Marketing,Director,03-25-2019,A,"user@domain,com",555-555-5555
213, david ,30.0,65000,Other,HR,Analyst,2019.12.01,D,name@company.org,-8110
214, ivy ,35.0,50140,Other,Finance,Analyst,2019.12.01,A,"user@domain,com",555-555-5555
215, alice ,25.0,60000,Male,Sales,Assistant,2020/02/20,D,"user@domain,com", 
216, hannah ,50.0,65000,Other,Sales,Manager,2019.12.01,D,name@company.org,-8110
217, grace ,30.0,55000,Female,HR,Director,"April 5, 2018",F,email@example.com,-8110
218, bob ,25.0,50140,Male,HR,Manager,2019.12.01,C,"user@domain,com",555-555-5555
219, hannah ,40.0,55000,Female,HR,Analyst,"April 5, 2018",C,user@domain.com, 
220, alice ,25.0,70000,Male,Finance,Director,2019.12.01,C,name@company.org,123-456-7890
221, ivy ,50.0,50140,Other,Marketing,Manager,2020/02/20,F,name@company.org,555-555-5555
222, ivy ,30.0,65000,Female,HR,Clerk,"April 5, 2018",D,"user@domain,com",123-456-7890
223, bob ,35.0,70000,Male,HR,Assistant,01/15/2020,D,"user@domain,com",555-555-5555
224, grace ,40.0,50000,Male,IT,Assistant,"April 5, 2018",A,"user@domain,com",123-456-7890
225, jack ,30.0,65000,Other,Finance,Clerk,2020/02/20,F,"user@domain,com",555-555-5555
226, charlie ,50.0,60000,Other,HR,Analyst,"April 5, 2018",A,user@domain.com,-8110
227, grace ,40.0,50000,Other,IT,Director,2019.12.01,F,"user@domain,com",098-765-4321
228, jack ,35.0,50000,Female,Sales,Assistant,2019.12.01,A,"user@domain,com",-8110
229, ivy ,25.0,60000,Male,HR,Clerk,2020/02/20,B,"user@domain,com",123-456-7890
230, david ,50.0,50140,Other,HR,Clerk,03-25-2019,C,"user@domain,com", 
231, alice ,35.0,50000,Female,IT,Analyst,2019.12.01,C,email@example.com,-8110
232, bob ,30.0,65000,Female,Finance,Analyst,01/15/2020,D,email@example.com,098-765-4321
233, alice ,35.0,70000,Female,HR,Manager,2020/02/20,B,name@company.org,123-456-7890
234, eve ,40.0,50000,Other,Sales,Assistant,"April 5, 2018",C,name@company.org,-8110
235, eve ,25.0,65000,Other,HR,Manager,"April 5, 2018",D,"user@domain,com",555-555-5555
236, grace ,40.0,55000,Male,Sales,Clerk,01/15/2020,B,"user@domain,com", 
237, ivy ,30.0,65000,Male,Marketing,Director,2019.12.01,C,user@domain.com,123-456-7890
238, ivy ,40.0,70000,Other,Marketing,Director,2020/02/20,A,user@domain.com,-8110
239, charlie ,25.0,65000,Female,Sales,Analyst,01/15/2020,F,email@example.com,123-456-7890
240, charlie ,30.0,60000,Female,Finance,Director,2019.12.01,B,name@company.org,555-555-5555
241, charlie ,40.0,70000,Female,HR,Director,2020/02/20,D,email@example.com,098-765-4321
242, david ,35.0,50140,Male,HR,Director,"April 5, 2018",B,email@example.com,-8110
243, hannah ,50.0,55000,Female,Marketing,Clerk,2020/02/20,D,name@company.org,123-456-7890
244, frank ,30.0,60000,Male,Sales,Director,03-25-2019,B,user@domain.com,123-456-7890
245, hannah ,50.0,50140,Male,HR,Director,2020/02/20,D,name@company.org,123-456-7890
246, alice ,30.0,65000,Female,HR,Director,03-25-2019,C,"user@domain,com",098-765-4321
247, hannah ,35.0,70000,Female,Finance,Manager,2020/02/20,A,"user@domain,com",123-456-7890
248, david ,50.0,55000,Other,IT,Clerk,03-25-2019,C,"user@domain,com", 
249, alice ,35.0,60000,Other,Marketing,Analyst,"April 5, 2018",A,"user@domain,com", 
250, hannah ,25.0,50140,Female,Marketing,Manager,2019.12.01,C,user@domain.com,123-456-7890
251, david ,35.0,50140,Male,IT,Assistant,03-25-2019,C,user@domain.com, 
252, frank ,40.0,55000,Male,HR,Clerk,03-25-2019,B,"user@domain,com",-8110
253, hannah ,35.0,65000,Male,Finance,Clerk,"April 5, 2018",F,email@example.com, 
254, david ,35.0,55000,Male,Finance,Assistant,03-25-2019,D,"user@domain,com",123-456-7890
255, charlie ,30.0,50140,Male,Marketing,Assistant,01/15/2020,D,"user@domain,com",555-555-5555
256, ivy ,40.0,50000,Other,Finance,Assistant,"April 5, 2018",D,email@example.com,-8110
257, charlie ,40.0,60000,Female,IT,Analyst,01/15/2020,A,name@company.org,098-765-4321
258, ivy ,35.0,55000,Other,HR,Director,"April 5, 2018",D,name@company.org,123-456-7890
259, bob ,35.0,50140,Male,IT,Clerk,03-25-2019,D,user@domain.com,098-765-4321
260, bob ,35.0,65000,Male,Sales,Director,01/15/2020,B,"user@domain,com",555-555-5555
261, bob ,25.0,50140,Male,Marketing,Director,03-25-2019,C,user@domain.com,098-765-4321
262, frank ,35.0,65000,Male,Finance,Assistant,"April 5, 2018",D,name@company.org,123-456-7890
263, charlie ,35.0,55000,Female,Sales,Analyst,03-25-2019,F,email@example.com,123-456-7890
264, ivy ,50.0,65000,Male,Finance,Manager,01/15/2020,D,user@domain.com,555-555-5555
265, david ,30.0,70000,Female,HR,Analyst,01/15/2020,A,"user@domain,com",123-456-7890
266, alice ,50.0,70000,Male,HR,Director,03-25-2019,A,"user@domain,com",555-555-5555
267, david ,50.0,70000,Female,HR,Analyst,2020/02/20,A,email@example.com,555-555-5555
268, alice ,40.0,50000,Other,Finance,Assistant,"April 5, 2018",D,name@company.org,123-456-7890
269, eve ,25.0,55000,Male,Sales,Manager,"April 5, 2018",B,"user@domain,com", 
270, david ,30.0,50140,Female,HR,Assistant,03-25-2019,F,"user@domain,com",555-555-5555
271, hannah ,35.0,50140,Other,Sales,Manager,2020/02/20,D,"user@domain,com",123-456-7890
272, hannah ,35.0,50000,Male,Finance,Director,01/15/2020,B,user@domain.com, 
273, grace ,35.0,65000,Male,Sales,Manager,2019.12.01,B,name@company.org,555-555-5555
274, charlie ,35.0,50000,Male,Finance,Manager,2019.12.01,D,user@domain.com, 
275, alice ,35.0,65000,Female,Finance,Manager,03-25-2019,D,name@company.org,-8110
276, alice ,35.0,65000,Female,Marketing,Analyst,2020/02/20,B,"user@domain,com",-8110
277, charlie ,25.0,60000,Other,Finance,Analyst,2020/02/20,B,"user@domain,com", 
278, frank ,50.0,50140,Female,Finance,Director,"April 5, 2018",B,user@domain.com,555-555-5555
279, grace ,35.0,70000,Female,IT,Manager,01/15/2020,D,"user@domain,com",123-456-7890
280, frank ,40.0,65000,Male,HR,Clerk,2020/02/20,B,name@company.org,098-765-4321
281, frank ,35.0,60000,Male,Marketing,Director,2019.12.01,A,user@domain.com,123-456-7890
282, frank ,30.0,50140,Male,Marketing,Manager,01/15/2020,D,user@domain.com,098-765-4321
283, charlie ,25.0,70000,Male,Marketing,Manager,01/15/2020,A,"user@domain,com",098-765-4321
284, frank ,30.0,65000,Male,IT,Analyst,03-25-2019,C,user@domain.com,555-555-5555
285, hannah ,30.0,65000,Male,Finance,Director,2020/02/20,D,"user@domain,com", 
286, bob ,40.0,50000,Male,HR,Manager,03-25-2019,C,"user@domain,com",123-456-7890
287, eve ,25.0,50000,Other,Sales,Manager,2020/02/20,B,"user@domain,com", 
288, alice ,25.0,50140,Other,Finance,Director,"April 5, 2018",B,name@company.org,-8110
289, alice ,25.0,70000,Other,IT,Clerk,03-25-2019,F,"user@domain,com",555-555-5555
290, eve ,25.0,65000,Other,Finance,Director,03-25-2019,B,"user@domain,com",555-555-5555
291, charlie ,25.0,50140,Male,Finance,Director,2019.12.01,C,email@example.com,-8110
292, david ,40.0,50140,Other,IT,Clerk,03-25-2019,B,email@example.com,123-456-7890
293, charlie ,35.0,55000,Male,Marketing,Director,2020/02/20,D,user@domain.com,-8110
294, alice ,30.0,50000,Other,Marketing,Manager,2019.12.01,B,user@domain.com,123-456-7890
295, alice ,25.0,70000,Female,HR,Director,03-25-2019,F,email@example.com,098-765-4321
296, eve ,35.0,65000,Other,HR,Clerk,03-25-2019,B,"user@domain,com",555-555-5555
297, frank ,35.0,50140,Other,Marketing,Assistant,"April 5, 2018",C,user@domain.com,123-456-7890
298, charlie ,30.0,65000,Male,Sales,Director,03-25-2019,C,"user@domain,com", 
299, ivy ,40.0,55000,Other,Finance,Analyst,01/15/2020,B,"user@domain,com", 
300, eve ,35.0,70000,Female,Sales,Manager,2019.12.01,C,"user@domain,com",555-555-5555
301, hannah ,35.0,50140,Male,Finance,Manager,01/15/2020,C,user@domain.com,-8110
302, alice ,35.0,65000,Male,Marketing,Analyst,2019.12.01,F,"user@domain,com",-8110
303, eve ,50.0,50000,Other,HR,Analyst,"April 5, 2018",D,user@domain.com,123-456-7890
304, charlie ,50.0,55000,Male,HR,Director,03-25-2019,F,user@domain.com,-8110
305, alice ,30.0,70000,Male,Sales,Analyst,03-25-2019,A,"user@domain,com",555-555-5555
306, david ,35.0,55000,Male,HR,Assistant,03-25-2019,F,email@example.com,123-456-7890
307, eve ,35.0,50000,Male,Marketing,Clerk,2019.12.01,B,"user@domain,com",098-765-4321
308, grace ,40.0,70000,Male,Sales,Analyst,03-25-2019,D,"user@domain,com",-8110
309, alice ,35.0,55000,Male,Finance,Analyst,01/15/2020,B,name@company.org,-8110
310, charlie ,35.0,60000,Female,HR,Assistant,03-25-2019,A,"user@domain,com",123-456-7890
311, bob ,35.0,50000,Other,IT,Manager,"April 5, 2018",D,user@domain.com, 
312, ivy ,25.0,50000,Female,HR,Manager,01/15/2020,C,user@domain.com,-8110
313, jack ,40.0,50000,Male,Finance,Director,03-25-2019,F,"user@domain,com",555-555-5555
314, frank ,25.0,60000,Male,Sales,Assistant,03-25-2019,B,name@company.org,-8110
315, jack ,30.0,60000,Other,Finance,Clerk,2020/02/20,A,"user@domain,com",098-765-4321
316, charlie ,25.0,65000,Female,IT,Clerk,2019.12.01,C,name@company.org,-8110
317, hannah ,25.0,50140,Other,Marketing,Assistant,01/15/2020,F,name@company.org, 
318, hannah ,35.0,55000,Female,HR,Clerk,2020/02/20,C,"user@domain,com",-8110
319, bob ,50.0,65000,Male,Sales,Manager,"April 5, 2018",F,user@domain.com,123-456-7890
320, frank ,35.0,55000,Other,Marketing,Clerk,2019.12.01,D,user@domain.com,-8110
321, grace ,40.0,50140,Other,Finance,Clerk,01/15/2020,C,name@company.org, 
322, bob ,25.0,60000,Male,Sales,Assistant,03-25-2019,C,user@domain.com,123-456-7890
323, jack ,40.0,50140,Other,Marketing,Assistant,01/15/2020,C,email@example.com,555-555-5555
324, bob ,50.0,60000,Female,Sales,Clerk,03-25-2019,D,name@company.org,123-456-7890
325, jack ,50.0,50140,Female,IT,Analyst,2019.12.01,A,user@domain.com,098-765-4321
326, alice ,25.0,65000,Female,IT,Assistant,03-25-2019,F,email@example.com,123-456-7890
327, hannah ,30.0,70000,Female,HR,Director,"April 5, 2018",C,"user@domain,com",555-555-5555
328, alice ,25.0,65000,Male,HR,Director,03-25-2019,D,user@domain.com,-8110
329, ivy ,35.0,55000,Other,IT,Manager,"April 5, 2018",A,email@example.com,123-456-7890
330, frank ,35.0,65000,Female,Sales,Clerk,2019.12.01,F,"user@domain,com",123-456-7890
331, grace ,30.0,50000,Male,IT,Analyst,2019.12.01,D,"user@domain,com",123-456-7890
332, jack ,25.0,55000,Other,HR,Manager,01/15/2020,F,email@example.com,123-456-7890
333, grace ,40.0,50140,Other,IT,Clerk,"April 5, 2018",C,name@company.org,555-555-5555
334, jack ,30.0,55000,Male,IT,Assistant,"April 5, 2018",A,name@company.org, 
335, charlie ,30.0,70000,Male,Sales,Director,2020/02/20,D,user@domain.com, 
336, bob ,25.0,60000,Female,Marketing,Analyst,2020/02/20,A,"user@domain,com",123-456-7890
337, ivy ,30.0,50140,Other,HR,Director,2020/02/20,C,name@company.org,555-555-5555
338, hannah ,40.0,55000,Other,Sales,Assistant,03-25-2019,A,name@company.org,555-555-5555
339, jack ,50.0,50140,Male,IT,Clerk,2020/02/20,A,"user@domain,com",123-456-7890
340, grace ,30.0,50140,Other,IT,Assistant,"April 5, 2018",B,"user@domain,com",098-765-4321
341, ivy ,50.0,50140,Female,Marketing,Assistant,03-25-2019,A,name@company.org,123-456-7890
342, david ,40.0,60000,Other,HR,Director,2019.12.01,F,email@example.com,098-765-4321
343, david ,25.0,65000,Male,HR,Analyst,01/15/2020,D,user@domain.com,123-456-7890
344, alice ,35.0,50140,Male,Finance,Assistant,2020/02/20,B,name@company.org,098-765-4321
345, hannah ,30.0,50000,Female,HR,Director,2019.12.01,D,name@company.org,098-765-4321
346, charlie ,35.0,70000,Female,Marketing,Analyst,"April 5, 2018",D,"user@domain,com",123-456-7890
347, grace ,40.0,60000,Other,Finance,Clerk,01/15/2020,C,email@example.com,098-765-4321
348, bob ,30.0,55000,Other,Finance,Clerk,2019.12.01,C,user@domain.com,-8110
349, bob ,50.0,60000,Male,IT,Manager,01/15/2020,B,name@company.org, 
350, grace ,35.0,55000,Female,IT,Director,2020/02/20,C,user@domain.com,555-555-5555
351, frank ,35.0,60000,Female,HR,Analyst,"April 5, 2018",C,"user@domain,com",098-765-4321
352, charlie ,30.0,55000,Female,Finance,Assistant,01/15/2020,C,name@company.org,098-765-4321
353, ivy ,35.0,50140,Other,IT,Clerk,2019.12.01,D,name@company.org,555-555-5555
354, jack ,30.0,65000,Female,Marketing,Analyst,2020/02/20,B,"user@domain,com",098-765-4321
355, frank ,25.0,55000,Male,IT,Director,2020/02/20,D,"user@domain,com",555-555-5555
356, jack ,50.0,55000,Male,IT,Manager,2019.12.01,F,name@company.org,123-456-7890
357, jack ,35.0,50000,Other,Finance,Clerk,2019.12.01,D,user@domain.com,-8110
358, frank ,35.0,55000,Other,Finance,Analyst,01/15/2020,F,email@example.com,-8110
359, alice ,35.0,50000,Female,Sales,Analyst,03-25-2019,A,user@domain.com, 
360, david ,40.0,70000,Other,Marketing,Analyst,2020/02/20,A,"user@domain,com",098-765-4321
361, jack ,30.0,50140,Male,Finance,Director,01/15/2020,F,email@example.com, 
362, frank ,35.0,50000,Female,HR,Director,2019.12.01,F,user@domain.com,123-456-7890
363, frank ,40.0,65000,Male,Marketing,Director,01/15/2020,D,user@domain.com,-8110
364, eve ,35.0,50140,Female,Marketing,Assistant,2019.12.01,F,"user@domain,com",123-456-7890
365, alice ,30.0,50000,Other,Finance,Analyst,"April 5, 2018",B,"user@domain,com",123-456-7890
366, hannah ,35.0,50140,Female,Marketing,Clerk,2019.12.01,A,"user@domain,com",098-765-4321
367, eve ,25.0,50140,Female,Finance,Director,2019.12.01,A,email@example.com,123-456-7890
368, eve ,35.0,50140,Male,IT,Director,2019.12.01,F,"user@domain,com",-8110
369, grace ,40.0,70000,Male,Sales,Analyst,03-25-2019,C,"user@domain,com", 
370, david ,50.0,65000,Female,IT,Director,2019.12.01,C,name@company.org,-8110
371, frank ,25.0,60000,Other,Finance,Assistant,2020/02/20,F,name@company.org,098-765-4321
372, david ,40.0,60000,Other,Finance,Assistant,2020/02/20,B,email@example.com,-8110
373, charlie ,30.0,50000,Male,IT,Director,01/15/2020,C,name@company.org,555-555-5555
374, grace ,25.0,50140,Other,HR,Analyst,03-25-2019,F,"user@domain,com", 
375, hannah ,40.0,50000,Male,HR,Analyst,01/15/2020,B,email@example.com,555-555-5555
376, david ,30.0,70000,Other,HR,Analyst,2020/02/20,B,"user@domain,com",555-555-5555
377, bob ,35.0,70000,Female,Finance,Manager,2020/02/20,D,email@example.com,098-765-4321
378, jack ,50.0,55000,Male,Marketing,Director,"April 5, 2018",B,email@example.com,123-456-7890
379, charlie ,30.0,70000,Male,Finance,Analyst,2019.12.01,C,user@domain.com,555-555-5555
380, alice ,35.0,55000,Female,Marketing,Assistant,2020/02/20,C,user@domain.com,-8110
381, hannah ,30.0,65000,Male,IT,Clerk,01/15/2020,F,email@example.com,123-456-7890
382, charlie ,30.0,50000,Other,Sales,Clerk,01/15/2020,F,name@company.org,-8110
383, jack ,50.0,65000,Other,Marketing,Analyst,2019.12.01,B,user@domain.com,-8110
384, grace ,35.0,70000,Male,HR,Clerk,2019.12.01,A,"user@domain,com",123-456-7890
385, jack ,40.0,65000,Other,Finance,Clerk,"April 5, 2018",D,"user@domain,com",123-456-7890
386, eve ,40.0,65000,Male,IT,Manager,03-25-2019,A,user@domain.com,-8110
387, jack ,30.0,65000,Female,HR,Assistant,01/15/2020,B,email@example.com,098-765-4321
388, eve ,35.0,70000,Male,IT,Assistant,2019.12.01,B,name@company.org, 
389, grace ,35.0,50140,Female,Sales,Manager,01/15/2020,A,"user@domain,com", 
390, ivy ,50.0,65000,Other,Finance,Manager,2019.12.01,D,user@domain.com,098-765-4321
391, eve ,35.0,55000,Female,Finance,Clerk,2020/02/20,A,name@company.org,123-456-7890
392, alice ,40.0,70000,Other,Sales,Director,01/15/2020,F,name@company.org,-8110
393, jack ,50.0,65000,Male,Finance,Clerk,2020/02/20,C,name@company.org, 
394, jack ,25.0,50140,Other,Marketing,Manager,01/15/2020,F,email@example.com,-8110
395, alice ,40.0,70000,Male,IT,Assistant,03-25-2019,C,"user@domain,com",098-765-4321
396, bob ,50.0,60000,Male,HR,Clerk,"April 5, 2018",B,name@company.org,-8110
397, frank ,40.0,50140,Female,Sales,Director,2020/02/20,D,"user@domain,com",098-765-4321
398, ivy ,35.0,55000,Female,Marketing,Clerk,2019.12.01,A,user@domain.com,123-456-7890
399, hannah ,25.0,65000,Female,HR,Analyst,03-25-2019,D,"user@domain,com",098-765-4321
400, eve ,35.0,60000,Female,HR,Clerk,01/15/2020,A,email@example.com,098-765-4321
401, alice ,25.0,60000,Other,Sales,Manager,2020/02/20,F,email@example.com, 
402, grace ,30.0,70000,Other,Marketing,Assistant,01/15/2020,F,"user@domain,com",-8110
403, eve ,50.0,60000,Other,HR,Assistant,01/15/2020,A,"user@domain,com", 
404, frank ,25.0,55000,Male,HR,Manager,01/15/2020,D,email@example.com,555-555-5555
405, grace ,35.0,55000,Other,Marketing,Analyst,"April 5, 2018",A,email@example.com,098-765-4321
406, charlie ,40.0,50000,Other,Finance,Manager,"April 5, 2018",B,"user@domain,com",555-555-5555
407, jack ,25.0,55000,Other,HR,Clerk,2019.12.01,F,email@example.com, 
408, charlie ,50.0,50140,Female,IT,Manager,2020/02/20,B,"user@domain,com",-8110
409, eve ,25.0,60000,Other,Marketing,Manager,03-25-2019,F,"user@domain,com", 
410, frank ,35.0,55000,Male,HR,Analyst,03-25-2019,F,"user@domain,com",-8110
411, ivy ,40.0,70000,Female,Sales,Clerk,03-25-2019,C,user@domain.com,-8110
412, eve ,50.0,50000,Male,IT,Director,01/15/2020,B,"user@domain,com",123-456-7890
413, alice ,50.0,60000,Other,HR,Director,"April 5, 2018",B,"user@domain,com",098-765-4321
414, david ,30.0,50000,Female,IT,Assistant,2020/02/20,C,user@domain.com, 
415, eve ,35.0,60000,Male,IT,Manager,01/15/2020,D,name@company.org,-8110
416, jack ,30.0,70000,Other,Finance,Assistant,"April 5, 2018",B,email@example.com, 
417, jack ,50.0,50000,Male,IT,Analyst,"April 5, 2018",A,"user@domain,com", 
418, eve ,40.0,65000,Male,Finance,Director,2020/02/20,C,email@example.com,-8110
419, grace ,25.0,50140,Male,Marketing,Manager,2020/02/20,B,"user@domain,com",555-555-5555
420, david ,25.0,50140,Other,Finance,Analyst,2020/02/20,D,email@example.com,098-765-4321
421, alice ,40.0,60000,Other,Sales,Analyst,01/15/2020,B,user@domain.com,098-765-4321
422, eve ,50.0,65000,Male,HR,Manager,2019.12.01,F,email@example.com,123-456-7890
423, grace ,25.0,50000,Female,Marketing,Analyst,2020/02/20,A,email@example.com,123-456-7890
424, jack ,25.0,65000,Female,Marketing,Manager,2019.12.01,C,email@example.com,123-456-7890
425, jack ,25.0,65000,Other,Sales,Manager,01/15/2020,F,name@company.org,098-765-4321
426, frank ,35.0,50000,Other,Finance,Clerk,2019.12.01,D,name@company.org,555-555-5555
427, eve ,35.0,70000,Other,HR,Assistant,03-25-2019,F,"user@domain,com",098-765-4321
428, david ,35.0,65000,Other,Finance,Analyst,2019.12.01,F,user@domain.com,098-765-4321
429, bob ,30.0,65000,Other,IT,Analyst,2020/02/20,D,email@example.com,098-765-4321
430, david ,40.0,70000,Female,Finance,Clerk,01/15/2020,F,email@example.com,098-765-4321
431, jack ,40.0,65000,Other,Marketing,Clerk,2020/02/20,C,email@example.com,555-555-5555
432, jack ,40.0,65000,Male,HR,Clerk,03-25-2019,B,email@example.com,123-456-7890
433, charlie ,35.0,65000,Male,Finance,Director,2020/02/20,F,name@company.org, 
434, jack ,35.0,50140,Female,HR,Director,2020/02/20,C,"user@domain,com",123-456-7890
435, alice ,50.0,55000,Male,HR,Director,2020/02/20,B,"user@domain,com",123-456-7890
436, hannah ,50.0,70000,Female,IT,Manager,"April 5, 2018",B,user@domain.com, 
437, eve ,35.0,65000,Female,IT,Analyst,03-25-2019,F,email@example.com,098-765-4321
438, david ,50.0,50140,Male,Marketing,Assistant,2020/02/20,C,"user@domain,com",555-555-5555
439, hannah ,40.0,70000,Other,Sales,Manager,2020/02/20,F,"user@domain,com",555-555-5555
440, grace ,30.0,60000,Male,HR,Analyst,2020/02/20,D,"user@domain,com",123-456-7890
441, bob ,25.0,60000,Male,Sales,Analyst,01/15/2020,B,name@company.org, 
442, alice ,35.0,65000,Female,Marketing,Clerk,"April 5, 2018",F,"user@domain,com",-8110
443, david ,35.0,50140,Male,HR,Clerk,01/15/2020,B,"user@domain,com",098-765-4321
444, hannah ,35.0,50140,Female,HR,Manager,"April 5, 2018",C,name@company.org,123-456-7890
445, bob ,35.0,70000,Other,Sales,Clerk,2020/02/20,A,"user@domain,com",555-555-5555
446, charlie ,40.0,70000,Other,Finance,Analyst,03-25-2019,F,"user@domain,com", 
447, alice ,50.0,50140,Other,IT,Clerk,2019.12.01,F,"user@domain,com", 
448, alice ,40.0,70000,Male,Finance,Director,2019.12.01,B,name@company.org,123-456-7890
449, charlie ,35.0,50140,Female,Sales,Clerk,2020/02/20,C,email@example.com,-8110
450, eve ,40.0,55000,Other,IT,Analyst,01/15/2020,D,user@domain.com,555-555-5555
451, charlie ,50.0,50140,Female,Finance,Manager,03-25-2019,C,"user@domain,com",123-456-7890
452, alice ,30.0,60000,Female,IT,Assistant,"April 5, 2018",F,name@company.org,-8110
453, alice ,35.0,70000,Other,HR,Clerk,2020/02/20,D,"user@domain,com", 
454, hannah ,30.0,50140,Other,Finance,Analyst,03-25-2019,C,name@company.org,098-765-4321
455, jack ,25.0,50140,Female,IT,Assistant,03-25-2019,A,user@domain.com,555-555-5555
456, bob ,30.0,70000,Other,IT,Assistant,"April 5, 2018",B,user@domain.com,555-555-5555
457, charlie ,25.0,55000,Female,IT,Director,03-25-2019,C,email@example.com,-8110
458, bob ,25.0,55000,Female,Finance,Assistant,01/15/2020,C,email@example.com,123-456-7890
459, charlie ,30.0,70000,Other,Marketing,Analyst,01/15/2020,A,user@domain.com, 
460, grace ,35.0,50000,Male,Finance,Analyst,01/15/2020,F,"user@domain,com",-8110
461, alice ,50.0,70000,Other,Sales,Clerk,03-25-2019,B,"user@domain,com",098-765-4321
462, jack ,40.0,70000,Male,Finance,Clerk,01/15/2020,C,"user@domain,com",098-765-4321
463, hannah ,40.0,55000,Female,IT,Clerk,"April 5, 2018",D,email@example.com,098-765-4321
464, jack ,50.0,55000,Female,HR,Assistant,03-25-2019,C,"user@domain,com",-8110
465, jack ,25.0,70000,Male,Finance,Assistant,2019.12.01,B,email@example.com, 
466, jack ,25.0,70000,Female,Finance,Director,03-25-2019,C,user@domain.com,555-555-5555
467, bob ,35.0,70000,Male,IT,Clerk,"April 5, 2018",A,"user@domain,com",123-456-7890
468, charlie ,35.0,55000,Male,HR,Manager,2019.12.01,C,"user@domain,com",555-555-5555
469, ivy ,30.0,70000,Female,HR,Director,03-25-2019,C,user@domain.com, 
470, grace ,25.0,70000,Male,Sales,Manager,01/15/2020,D,"user@domain,com",555-555-5555
471, david ,40.0,65000,Other,Finance,Assistant,2020/02/20,A,"user@domain,com",-8110
472, jack ,35.0,50000,Other,HR,Director,2020/02/20,A,name@company.org,098-765-4321
473, eve ,30.0,60000,Female,HR,Director,01/15/2020,C,email@example.com, 
474, bob ,35.0,50000,Female,Marketing,Analyst,2020/02/20,D,"user@domain,com", 
475, hannah ,30.0,65000,Male,Marketing,Assistant,2020/02/20,C,user@domain.com,555-555-5555
476, david ,30.0,60000,Male,HR,Assistant,01/15/2020,C,"user@domain,com",-8110
477, ivy ,50.0,70000,Male,Sales,Director,01/15/2020,B,"user@domain,com",555-555-5555
478, eve ,25.0,65000,Male,HR,Assistant,03-25-2019,B,email@example.com,555-555-5555
479, ivy ,35.0,70000,Other,IT,Director,03-25-2019,D,name@company.org, 
480, david ,35.0,55000,Other,Finance,Analyst,01/15/2020,F,email@example.com,555-555-5555
481, jack ,50.0,50140,Female,Sales,Director,"April 5, 2018",B,"user@domain,com",098-765-4321
482, eve ,40.0,65000,Male,IT,Assistant,2020/02/20,F,"user@domain,com",555-555-5555
483, ivy ,40.0,55000,Male,Sales,Assistant,03-25-2019,A,"user@domain,com",098-765-4321
484, hannah ,25.0,65000,Female,IT,Director,2020/02/20,B,"user@domain,com", 
485, charlie ,25.0,65000,Male,Finance,Director,2019.12.01,B,user@domain.com,-8110
486, alice ,35.0,55000,Male,Finance,Director,01/15/2020,D,name@company.org,098-765-4321
487, charlie ,50.0,60000,Male,Marketing,Clerk,"April 5, 2018",F,"user@domain,com",-8110
488, david ,40.0,50000,Male,IT,Assistant,2019.12.01,B,"user@domain,com",-8110
489, bob ,30.0,70000,Male,Marketing,Assistant,2019.12.01,B,"user@domain,com",098-765-4321
490, alice ,35.0,65000,Female,IT,Clerk,2019.12.01,D,name@company.org, 
491, grace ,25.0,70000,Male,Marketing,Director,01/15/2020,D,email@example.com,123-456-7890
492, hannah ,35.0,50140,Female,Finance,Analyst,03-25-2019,F,name@company.org,-8110
493, grace ,35.0,55000,Male,Sales,Director,01/15/2020,A,name@company.org,-8110
494, eve ,35.0,70000,Other,Marketing,Director,03-25-2019,A,name@company.org, 
495, alice ,40.0,55000,Other,IT,Clerk,2019.12.01,C,"user@domain,com", 
496, grace ,25.0,70000,Other,IT,Assistant,2019.12.01,B,"user@domain,com",555-555-5555
497, grace ,35.0,50000,Other,Finance,Director,"April 5, 2018",F,user@domain.com, 
498, ivy ,25.0,50000,Female,IT,Assistant,03-25-2019,B,email@example.com,-8110
499, charlie ,30.0,50000,Female,HR,Manager,2019.12.01,F,"user@domain,com",098-765-4321
500, ivy ,35.0,50000,Male,Sales,Assistant,2020/02/20,F,name@company.org,123-456-7890
501, alice ,30.0,50000,Other,Marketing,Analyst,"April 5, 2018",F,email@example.com,555-555-5555
502, alice ,25.0,50000,Female,Sales,Analyst,01/15/2020,B,email@example.com,098-765-4321
503, david ,25.0,55000,Male,Finance,Director,"April 5, 2018",D,user@domain.com,123-456-7890
504, ivy ,40.0,65000,Male,Marketing,Assistant,2020/02/20,B,"user@domain,com",123-456-7890
505, frank ,35.0,70000,Female,Marketing,Director,03-25-2019,F,name@company.org,123-456-7890
506, charlie ,35.0,50000,Other,HR,Clerk,01/15/2020,C,"user@domain,com",098-765-4321
507, alice ,30.0,55000,Male,Finance,Analyst,01/15/2020,A,user@domain.com,555-555-5555
508, david ,35.0,55000,Other,IT,Director,03-25-2019,F,"user@domain,com",555-555-5555
509, ivy ,50.0,55000,Other,HR,Clerk,"April 5, 2018",C,email@example.com,123-456-7890
510, charlie ,35.0,65000,Other,HR,Director,2019.12.01,D,name@company.org,098-765-4321
511, ivy ,40.0,70000,Male,Sales,Assistant,"April 5, 2018",F,"user@domain,com",123-456-7890
512, grace ,30.0,65000,Other,Sales,Assistant,2020/02/20,C,user@domain.com, 
513, david ,30.0,60000,Male,Sales,Assistant,2019.12.01,F,"user@domain,com",555-555-5555
514, charlie ,50.0,55000,Other,HR,Assistant,"April 5, 2018",B,email@example.com,-8110
515, jack ,40.0,60000,Male,IT,Manager,03-25-2019,C,name@company.org,123-456-7890
516, eve ,35.0,50140,Other,Marketing,Clerk,2020/02/20,B,"user@domain,com", 
517, eve ,40.0,50000,Female,Sales,Clerk,2020/02/20,B,"user@domain,com",555-555-5555
518, charlie ,35.0,50000,Other,IT,Assistant,2020/02/20,C,email@example.com,098-765-4321
519, ivy ,40.0,65000,Other,Finance,Manager,2019.12.01,A,"user@domain,com",555-555-5555
520, david ,40.0,70000,Male,Sales,Assistant,01/15/2020,C,user@domain.com,098-765-4321
521, eve ,25.0,60000,Male,Marketing,Manager,2019.12.01,A,"user@domain,com",098-765-4321
522, david ,30.0,70000,Other,Finance,Assistant,"April 5, 2018",F,"user@domain,com",123-456-7890
523, eve ,40.0,65000,Female,Finance,Analyst,01/15/2020,F,"user@domain,com",123-456-7890
524, grace ,50.0,50000,Female,Marketing,Analyst,"April 5, 2018",C,email@example.com,555-555-5555
525, ivy ,40.0,70000,Male,Sales,Director,01/15/2020,F,email@example.com, 
526, grace ,35.0,70000,Female,HR,Assistant,2019.12.01,D,user@domain.com,555-555-5555
527, eve ,30.0,50000,Other,Marketing,Clerk,2020/02/20,B,"user@domain,com",-8110
528, jack ,35.0,60000,Male,Marketing,Director,03-25-2019,B,email@example.com,098-765-4321
529, jack ,30.0,50000,Other,Marketing,Analyst,2020/02/20,A,user@domain.com,098-765-4321
530, grace ,35.0,70000,Male,Finance,Assistant,2019.12.01,F,user@domain.com,123-456-7890
531, jack ,40.0,60000,Male,IT,Director,01/15/2020,A,"user@domain,com", 
532, eve ,40.0,60000,Male,HR,Assistant,2020/02/20,B,name@company.org,123-456-7890
533, charlie ,25.0,50000,Male,Sales,Analyst,2019.12.01,B,"user@domain,com",-8110
534, grace ,50.0,70000,Female,Sales,Director,"April 5, 2018",F,name@company.org,555-555-5555
535, bob ,35.0,65000,Other,IT,Analyst,03-25-2019,D,user@domain.com,555-555-5555
536, ivy ,35.0,70000,Other,Marketing,Manager,2020/02/20,D,email@example.com, 
537, jack ,25.0,55000,Other,HR,Analyst,01/15/2020,F,"user@domain,com",123-456-7890
538, jack ,35.0,50140,Male,Sales,Assistant,"April 5, 2018",F,user@domain.com,123-456-7890
539, alice ,35.0,65000,Female,Sales,Clerk,2019.12.01,A,email@example.com,-8110
540, frank ,25.0,60000,Other,Marketing,Analyst,03-25-2019,F,user@domain.com,555-555-5555
541, grace ,40.0,65000,Female,IT,Clerk,01/15/2020,D,"user@domain,com",123-456-7890
542, hannah ,35.0,60000,Male,HR,Manager,2019.12.01,F,name@company.org, 
543, jack ,40.0,60000,Other,IT,Director,2019.12.01,A,user@domain.com,555-555-5555
544, ivy ,25.0,65000,Female,IT,Director,2020/02/20,A,email@example.com,-8110
545, bob ,40.0,60000,Male,HR,Clerk,2020/02/20,A,"user@domain,com", 
546, jack ,30.0,60000,Female,HR,Director,01/15/2020,A,"user@domain,com",098-765-4321
547, bob ,35.0,55000,Other,Sales,Analyst,2019.12.01,C,"user@domain,com",-8110
548, eve ,35.0,70000,Other,Sales,Clerk,2020/02/20,F,name@company.org, 
549, eve ,50.0,70000,Male,HR,Assistant,03-25-2019,B,"user@domain,com",123-456-7890
550, frank ,35.0,50140,Male,Finance,Analyst,03-25-2019,F,"user@domain,com",098-765-4321
551, charlie ,40.0,50140,Male,Sales,Analyst,2019.12.01,C,email@example.com,-8110
552, hannah ,35.0,55000,Female,Finance,Analyst,2020/02/20,A,user@domain.com,123-456-7890
553, alice ,40.0,50140,Female,HR,Assistant,01/15/2020,C,name@company.org,098-765-4321
554, frank ,30.0,65000,Female,Sales,Manager,01/15/2020,D,"user@domain,com",555-555-5555
555, david ,25.0,50000,Male,IT,Director,01/15/2020,D,name@company.org,123-456-7890
556, alice ,35.0,50000,Other,HR,Clerk,03-25-2019,F,"user@domain,com", 
557, grace ,30.0,50000,Other,Marketing,Manager,2020/02/20,F,name@company.org,-8110
558, ivy ,30.0,55000,Female,Finance,Clerk,2020/02/20,B,"user@domain,com",098-765-4321
559, david ,35.0,55000,Female,HR,Director,03-25-2019,B,user@domain.com,123-456-7890
560, david ,40.0,60000,Other,HR,Assistant,01/15/2020,D,user@domain.com,555-555-5555
561, frank ,50.0,50000,Other,Sales,Analyst,01/15/2020,A,name@company.org,-8110
562, charlie ,30.0,65000,Female,Sales,Analyst,2019.12.01,C,email@example.com,-8110
563, frank ,35.0,50140,Female,Sales,Assistant,"April 5, 2018",B,name@company.org,123-456-7890
564, grace ,30.0,65000,Other,Marketing,Manager,2020/02/20,B,"user@domain,com",555-555-5555
565, jack ,50.0,50140,Male,Sales,Manager,2020/02/20,A,user@domain.com,098-765-4321
566, jack ,40.0,50000,Female,HR,Clerk,2020/02/20,A,user@domain.com,123-456-7890
567, charlie ,40.0,50000,Other,Sales,Assistant,"April 5, 2018",F,user@domain.com,098-765-4321
568, grace ,35.0,50000,Other,IT,Manager,2019.12.01,C,email@example.com,-8110
569, charlie ,30.0,55000,Other,Sales,Assistant,"April 5, 2018",A,email@example.com,098-765-4321
570, bob ,40.0,50140,Other,Marketing,Director,01/15/2020,B,"user@domain,com",555-555-5555
571, jack ,50.0,55000,Male,IT,Analyst,01/15/2020,B,name@company.org, 
572, david ,35.0,55000,Other,HR,Analyst,2020/02/20,D,name@company.org,555-555-5555
573, hannah ,25.0,70000,Female,HR,Analyst,03-25-2019,A,"user@domain,com",098-765-4321
574, ivy ,25.0,65000,Male,Finance,Assistant,2020/02/20,F,user@domain.com,123-456-7890
575, grace ,25.0,65000,Other,IT,Assistant,03-25-2019,C,email@example.com,-8110
576, alice ,30.0,60000,Male,Finance,Clerk,"April 5, 2018",F,"user@domain,com", 
577, charlie ,35.0,55000,Female,IT,Analyst,01/15/2020,B,"user@domain,com",123-456-7890
578, ivy ,40.0,50140,Other,IT,Clerk,03-25-2019,F,email@example.com,123-456-7890
579, alice ,35.0,70000,Female,Marketing,Analyst,"April 5, 2018",B,name@company.org,555-555-5555
580, ivy ,50.0,70000,Other,Finance,Clerk,01/15/2020,B,user@domain.com,098-765-4321
581, hannah ,35.0,65000,Other,Marketing,Clerk,03-25-2019,B,name@company.org,555-555-5555
582, alice ,50.0,55000,Other,IT,Director,2020/02/20,B,"user@domain,com",098-765-4321
583, frank ,30.0,60000,Other,HR,Clerk,2020/02/20,B,user@domain.com,555-555-5555
584, eve ,25.0,55000,Other,IT,Assistant,2020/02/20,D,"user@domain,com",123-456-7890
585, frank ,30.0,50000,Male,Marketing,Clerk,"April 5, 2018",F,"user@domain,com",-8110
586, jack ,35.0,55000,Other,Finance,Analyst,2020/02/20,D,name@company.org,098-765-4321
587, eve ,35.0,50000,Other,Finance,Clerk,2019.12.01,D,name@company.org, 
588, frank ,50.0,50000,Male,Marketing,Manager,01/15/2020,A,name@company.org, 
589, eve ,40.0,60000,Male,Finance,Analyst,"April 5, 2018",A,email@example.com,123-456-7890
590, eve ,40.0,50140,Male,Sales,Manager,2020/02/20,A,"user@domain,com",555-555-5555
591, david ,50.0,65000,Male,HR,Analyst,01/15/2020,C,user@domain.com,555-555-5555
592, charlie ,35.0,55000,Male,HR,Assistant,03-25-2019,A,name@company.org,123-456-7890
593, charlie ,35.0,50000,Male,HR,Assistant,2020/02/20,F,name@company.org, 
594, david ,35.0,55000,Other,Finance,Assistant,01/15/2020,D,email@example.com, 
595, ivy ,30.0,50140,Other,Finance,Manager,2019.12.01,F,user@domain.com,555-555-5555
596, bob ,35.0,65000,Female,IT,Director,03-25-2019,A,"user@domain,com",098-765-4321
597, ivy ,35.0,50140,Other,IT,Analyst,2019.12.01,C,"user@domain,com",-8110
598, alice ,25.0,65000,Other,HR,Assistant,01/15/2020,C,email@example.com,098-765-4321
599, alice ,35.0,70000,Male,Sales,Analyst,2019.12.01,D,"user@domain,com", 
600, eve ,50.0,65000,Male,IT,Manager,01/15/2020,F,"user@domain,com",098-765-4321
601, frank ,25.0,60000,Other,IT,Director,01/15/2020,B,name@company.org,-8110
602, frank ,30.0,50140,Female,Finance,Manager,2019.12.01,F,name@company.org,098-765-4321
603, charlie ,50.0,50000,Male,Sales,Analyst,01/15/2020,A,user@domain.com,098-765-4321
604, grace ,25.0,70000,Other,HR,Director,2020/02/20,B,"user@domain,com",098-765-4321
605, ivy ,50.0,60000,Other,IT,Director,01/15/2020,C,name@company.org,098-765-4321
606, jack ,30.0,55000,Female,Sales,Manager,"April 5, 2018",D,name@company.org,123-456-7890
607, hannah ,35.0,50140,Female,Sales,Assistant,01/15/2020,D,user@domain.com, 
608, frank ,30.0,50000,Male,HR,Analyst,"April 5, 2018",C,"user@domain,com",-8110
609, hannah ,30.0,65000,Female,Sales,Clerk,01/15/2020,A,name@company.org, 
610, eve ,50.0,50000,Other,Sales,Clerk,01/15/2020,C,email@example.com,123-456-7890
611, hannah ,40.0,55000,Other,Sales,Manager,2019.12.01,A,email@example.com,123-456-7890
612, jack ,35.0,70000,Female,IT,Analyst,2020/02/20,B,"user@domain,com",123-456-7890
613, david ,35.0,70000,Female,HR,Analyst,2020/02/20,C,"user@domain,com",123-456-7890
614, jack ,35.0,50140,Female,Sales,Manager,03-25-2019,A,user@domain.com,098-765-4321
615, hannah ,35.0,70000,Female,Sales,Analyst,2019.12.01,B,email@example.com, 
616, jack ,35.0,50140,Male,IT,Assistant,2019.12.01,C,email@example.com,555-555-5555
617, bob ,40.0,50140,Female,HR,Manager,2020/02/20,D,"user@domain,com",-8110
618, eve ,35.0,50140,Male,Finance,Assistant,2019.12.01,C,"user@domain,com",123-456-7890
619, ivy ,40.0,65000,Other,IT,Analyst,2020/02/20,F,"user@domain,com", 
620, david ,35.0,60000,Female,HR,Manager,2019.12.01,C,"user@domain,com",123-456-7890
621, frank ,25.0,50140,Male,Sales,Analyst,01/15/2020,F,email@example.com,123-456-7890
622, alice ,50.0,50140,Female,HR,Manager,2020/02/20,B,user@domain.com,123-456-7890
623, ivy ,35.0,60000,Other,HR,Analyst,2020/02/20,C,email@example.com,123-456-7890
624, alice ,35.0,50000,Other,HR,Assistant,"April 5, 2018",B,"user@domain,com",123-456-7890
625, eve ,30.0,50140,Other,Finance,Assistant,2019.12.01,B,email@example.com,-8110
626, david ,30.0,65000,Female,HR,Analyst,2019.12.01,A,user@domain.com, 
627, charlie ,30.0,70000,Female,Finance,Manager,2020/02/20,B,name@company.org,123-456-7890
628, frank ,50.0,70000,Male,Sales,Clerk,01/15/2020,B,email@example.com,123-456-7890
629, bob ,30.0,55000,Other,Finance,Assistant,01/15/2020,C,"user@domain,com",123-456-7890
630, charlie ,40.0,55000,Female,Sales,Assistant,01/15/2020,C,name@company.org,123-456-7890
631, eve ,35.0,70000,Other,Sales,Clerk,2019.12.01,D,"user@domain,com",098-765-4321
632, ivy ,25.0,70000,Other,Finance,Analyst,"April 5, 2018",A,"user@domain,com",098-765-4321
633, bob ,35.0,65000,Male,IT,Manager,2020/02/20,B,"user@domain,com",555-555-5555
634, jack ,40.0,60000,Male,Marketing,Analyst,03-25-2019,A,email@example.com,123-456-7890
635, hannah ,25.0,55000,Male,HR,Director,"April 5, 2018",F,"user@domain,com",555-555-5555
636, bob ,40.0,60000,Male,Marketing,Assistant,03-25-2019,B,name@company.org,-8110
637, eve ,40.0,65000,Other,HR,Director,"April 5, 2018",A,user@domain.com,555-555-5555
638, grace ,35.0,70000,Male,HR,Assistant,01/15/2020,D,"user@domain,com", 
639, hannah ,35.0,50140,Male,Sales,Assistant,2019.12.01,D,email@example.com,098-765-4321
640, alice ,30.0,60000,Male,HR,Director,03-25-2019,B,"user@domain,com",098-765-4321
641, frank ,50.0,70000,Male,HR,Director,"April 5, 2018",F,user@domain.com,123-456-7890
642, alice ,35.0,70000,Other,Finance,Analyst,2019.12.01,D,name@company.org,123-456-7890
643, bob ,50.0,50000,Male,Marketing,Director,03-25-2019,D,"user@domain,com",-8110
644, alice ,35.0,60000,Other,Finance,Analyst,2020/02/20,F,"user@domain,com",-8110
645, eve ,35.0,50140,Female,HR,Analyst,"April 5, 2018",A,user@domain.com, 
646, jack ,35.0,60000,Other,Sales,Analyst,2020/02/20,D,email@example.com,123-456-7890
647, ivy ,25.0,70000,Other,Finance,Assistant,01/15/2020,C,name@company.org,123-456-7890
648, frank ,50.0,50140,Male,Finance,Assistant,2020/02/20,D,user@domain.com,-8110
649, alice ,35.0,65000,Female,IT,Director,2020/02/20,A,"user@domain,com",-8110
650, alice ,35.0,50000,Female,HR,Assistant,"April 5, 2018",A,name@company.org,-8110
651, bob ,40.0,70000,Female,Sales,Director,01/15/2020,B,"user@domain,com",098-765-4321
652, ivy ,40.0,55000,Female,Finance,Assistant,2020/02/20,C,user@domain.com,555-555-5555
653, charlie ,40.0,55000,Other,Finance,Manager,2019.12.01,A,"user@domain,com",555-555-5555
654, alice ,35.0,50000,Female,Sales,Manager,03-25-2019,F,"user@domain,com",123-456-7890
655, eve ,35.0,65000,Other,HR,Director,2020/02/20,C,"user@domain,com",098-765-4321
656, grace ,50.0,70000,Other,IT,Assistant,01/15/2020,C,email@example.com,-8110
657, frank ,35.0,60000,Other,Finance,Assistant,2020/02/20,F,"user@domain,com",123-456-7890
658, alice ,25.0,50000,Female,IT,Analyst,03-25-2019,D,"user@domain,com",098-765-4321
659, eve ,40.0,65000,Male,Marketing,Clerk,01/15/2020,F,"user@domain,com", 
660, eve ,35.0,60000,Male,HR,Director,"April 5, 2018",F,name@company.org,098-765-4321
661, frank ,35.0,55000,Female,Marketing,Clerk,01/15/2020,D,"user@domain,com",123-456-7890
662, charlie ,25.0,55000,Male,Marketing,Clerk,"April 5, 2018",D,"user@domain,com",555-555-5555
663, eve ,30.0,60000,Male,Marketing,Director,01/15/2020,D,user@domain.com,-8110
664, grace ,35.0,50000,Other,HR,Assistant,03-25-2019,D,email@example.com, 
665, eve ,50.0,55000,Other,HR,Director,03-25-2019,D,name@company.org,098-765-4321
666, eve ,30.0,70000,Female,Sales,Clerk,01/15/2020,F,"user@domain,com",123-456-7890
667, eve ,40.0,50140,Female,IT,Assistant,2020/02/20,B,user@domain.com,123-456-7890
668, jack ,35.0,60000,Male,IT,Manager,03-25-2019,B,email@example.com,-8110
669, jack ,25.0,60000,Other,Sales,Director,"April 5, 2018",A,name@company.org,123-456-7890
670, charlie ,25.0,55000,Female,Sales,Director,"April 5, 2018",B,name@company.org,123-456-7890
671, alice ,35.0,50000,Female,Marketing,Assistant,2019.12.01,B,"user@domain,com",-8110
672, eve ,30.0,70000,Female,Sales,Manager,"April 5, 2018",F,name@company.org, 
673, ivy ,35.0,50000,Female,Finance,Manager,2019.12.01,D,user@domain.com,555-555-5555
674, alice ,35.0,65000,Female,IT,Assistant,01/15/2020,D,name@company.org,555-555-5555
675, charlie ,35.0,65000,Female,Sales,Analyst,01/15/2020,F,"user@domain,com",098-765-4321
676, david ,50.0,50140,Male,Finance,Director,01/15/2020,B,user@domain.com, 
677, alice ,25.0,55000,Other,Finance,Director,2020/02/20,F,email@example.com,098-765-4321
678, alice ,25.0,55000,Other,Finance,Clerk,2020/02/20,A,email@example.com,555-555-5555
679, hannah ,40.0,55000,Female,Finance,Assistant,2019.12.01,D,"user@domain,com",-8110
680, bob ,40.0,50140,Other,Marketing,Clerk,"April 5, 2018",C,"user@domain,com",123-456-7890
681, hannah ,35.0,65000,Other,Finance,Clerk,"April 5, 2018",A,"user@domain,com",555-555-5555
682, grace ,50.0,50000,Other,Marketing,Manager,01/15/2020,A,email@example.com, 
683, jack ,30.0,50140,Female,Marketing,Director,03-25-2019,F,email@example.com,555-555-5555
684, jack ,35.0,50140,Female,Finance,Clerk,2020/02/20,B,email@example.com, 
685, bob ,35.0,50000,Other,IT,Manager,2020/02/20,D,email@example.com, 
686, frank ,40.0,55000,Other,Finance,Assistant,01/15/2020,C,name@company.org, 
687, frank ,35.0,70000,Female,Finance,Clerk,2020/02/20,A,user@domain.com,098-765-4321
688, charlie ,40.0,50000,Male,Finance,Director,01/15/2020,C,user@domain.com,-8110
689, bob ,35.0,65000,Other,IT,Clerk,2019.12.01,B,"user@domain,com",555-555-5555
690, alice ,30.0,60000,Male,HR,Assistant,"April 5, 2018",B,name@company.org,-8110
691, frank ,35.0,60000,Other,HR,Clerk,03-25-2019,C,email@example.com,123-456-7890
692, eve ,35.0,50140,Male,Marketing,Director,"April 5, 2018",D,email@example.com,555-555-5555
693, ivy ,50.0,60000,Male,Marketing,Manager,"April 5, 2018",B,"user@domain,com",-8110
694, alice ,25.0,70000,Male,IT,Director,2019.12.01,C,"user@domain,com",-8110
695, grace ,50.0,55000,Female,Sales,Manager,2020/02/20,A,"user@domain,com",123-456-7890
696, eve ,50.0,65000,Male,HR,Analyst,03-25-2019,C,email@example.com, 
697, eve ,25.0,70000,Male,Marketing,Director,2020/02/20,C,"user@domain,com",555-555-5555
698, bob ,50.0,65000,Male,HR,Director,"April 5, 2018",F,name@company.org,555-555-5555
699, charlie ,35.0,65000,Other,IT,Assistant,01/15/2020,B,user@domain.com,123-456-7890
700, grace ,35.0,55000,Male,IT,Clerk,"April 5, 2018",D,email@example.com, 
701, frank ,35.0,50140,Other,Sales,Manager,2020/02/20,D,name@company.org,555-555-5555
702, bob ,25.0,60000,Male,Sales,Manager,"April 5, 2018",F,email@example.com,555-555-5555
703, frank ,50.0,55000,Male,IT,Assistant,01/15/2020,D,"user@domain,com",555-555-5555
704, bob ,25.0,70000,Female,Marketing,Assistant,2019.12.01,C,"user@domain,com", 
705, bob ,35.0,50140,Other,HR,Clerk,2020/02/20,F,"user@domain,com",123-456-7890
706, bob ,50.0,70000,Male,Finance,Clerk,"April 5, 2018",A,user@domain.com,555-555-5555
707, charlie ,50.0,50140,Other,Sales,Director,2020/02/20,B,"user@domain,com",-8110
708, bob ,40.0,70000,Other,Finance,Analyst,2019.12.01,B,email@example.com, 
709, david ,40.0,55000,Female,Marketing,Clerk,"April 5, 2018",B,"user@domain,com",098-765-4321
710, ivy ,30.0,50140,Female,Sales,Assistant,"April 5, 2018",C,email@example.com,123-456-7890
711, frank ,35.0,50140,Female,Finance,Clerk,2020/02/20,A,user@domain.com,-8110
712, alice ,40.0,65000,Female,Marketing,Manager,2020/02/20,F,"user@domain,com",555-555-5555
713, hannah ,25.0,65000,Female,HR,Analyst,01/15/2020,F,"user@domain,com",098-765-4321
714, grace ,40.0,50000,Female,Marketing,Director,2019.12.01,B,"user@domain,com",123-456-7890
715, jack ,30.0,70000,Female,Sales,Manager,01/15/2020,A,"user@domain,com", 
716, charlie ,50.0,65000,Female,IT,Manager,"April 5, 2018",A,"user@domain,com",098-765-4321
717, alice ,30.0,50000,Male,HR,Analyst,2020/02/20,A,"user@domain,com",098-765-4321
718, eve ,50.0,65000,Other,Finance,Director,"April 5, 2018",D,"user@domain,com",-8110
719, david ,50.0,70000,Female,Sales,Assistant,"April 5, 2018",D,email@example.com,123-456-7890
720, jack ,35.0,50140,Female,IT,Director,03-25-2019,B,user@domain.com,-8110
721, hannah ,40.0,60000,Other,Marketing,Clerk,03-25-2019,A,"user@domain,com",-8110
722, alice ,25.0,70000,Male,IT,Manager,"April 5, 2018",A,email@example.com,555-555-5555
723, jack ,25.0,55000,Other,Sales,Clerk,2020/02/20,F,"user@domain,com", 
724, alice ,35.0,65000,Other,Sales,Assistant,"April 5, 2018",F,email@example.com,098-765-4321
725, david ,50.0,65000,Female,IT,Clerk,03-25-2019,B,"user@domain,com",123-456-7890
726, hannah ,25.0,50140,Other,Marketing,Director,2020/02/20,A,"user@domain,com", 
727, eve ,35.0,55000,Other,IT,Clerk,"April 5, 2018",B,"user@domain,com", 
728, bob ,50.0,50140,Female,Sales,Assistant,2019.12.01,F,"user@domain,com",123-456-7890
729, frank ,35.0,55000,Female,Sales,Assistant,2019.12.01,F,name@company.org, 
730, eve ,25.0,60000,Female,Finance,Assistant,"April 5, 2018",D,email@example.com,555-555-5555
731, bob ,25.0,65000,Female,Finance,Director,2020/02/20,B,name@company.org, 
732, charlie ,35.0,65000,Other,HR,Assistant,"April 5, 2018",B,email@example.com,555-555-5555
733, ivy ,25.0,60000,Other,Sales,Manager,"April 5, 2018",A,user@domain.com,098-765-4321
734, grace ,50.0,50000,Male,Finance,Assistant,03-25-2019,A,"user@domain,com",098-765-4321
735, grace ,50.0,50140,Male,IT,Clerk,2019.12.01,D,user@domain.com,-8110
736, frank ,50.0,60000,Other,Marketing,Clerk,03-25-2019,C,user@domain.com,555-555-5555
737, hannah ,35.0,50140,Male,IT,Clerk,03-25-2019,C,email@example.com,098-765-4321
738, david ,35.0,70000,Other,Marketing,Director,"April 5, 2018",C,name@company.org, 
739, hannah ,25.0,65000,Male,Finance,Clerk,03-25-2019,B,"user@domain,com",123-456-7890
740, david ,30.0,50140,Female,HR,Director,2019.12.01,B,email@example.com,123-456-7890
741, hannah ,30.0,55000,Male,IT,Director,03-25-2019,F,"user@domain,com",555-555-5555
742, ivy ,35.0,50140,Female,IT,Assistant,2019.12.01,B,user@domain.com,-8110
743, charlie ,25.0,70000,Female,IT,Manager,03-25-2019,B,"user@domain,com", 
744, charlie ,30.0,65000,Female,Marketing,Assistant,2019.12.01,B,name@company.org,555-555-5555
745, bob ,25.0,60000,Female,Finance,Assistant,03-25-2019,D,email@example.com,123-456-7890
746, jack ,25.0,70000,Male,IT,Director,03-25-2019,B,name@company.org,555-555-5555
747, charlie ,25.0,65000,Other,IT,Director,2020/02/20,A,name@company.org, 
748, charlie ,40.0,50140,Female,HR,Clerk,2019.12.01,A,email@example.com,098-765-4321
749, eve ,50.0,50000,Male,HR,Clerk,2019.12.01,F,name@company.org, 
750, eve ,25.0,50000,Female,Finance,Assistant,2019.12.01,D,"user@domain,com",098-765-4321
751, bob ,40.0,55000,Male,Finance,Analyst,01/15/2020,A,"user@domain,com",098-765-4321
752, jack ,35.0,65000,Male,Sales,Analyst,03-25-2019,D,"user@domain,com",098-765-4321
753, frank ,30.0,50000,Male,HR,Clerk,2019.12.01,D,"user@domain,com",555-555-5555
754, eve ,50.0,60000,Other,Sales,Analyst,01/15/2020,F,name@company.org,123-456-7890
755, frank ,30.0,65000,Male,Marketing,Clerk,2020/02/20,D,email@example.com,555-555-5555
756, alice ,50.0,60000,Male,Sales,Director,2019.12.01,B,email@example.com,123-456-7890
757, eve ,30.0,60000,Other,IT,Assistant,2019.12.01,D,"user@domain,com", 
758, ivy ,50.0,50000,Other,Sales,Manager,01/15/2020,F,email@example.com,-8110
759, jack ,30.0,65000,Male,Finance,Assistant,03-25-2019,F,"user@domain,com", 
760, bob ,30.0,50140,Other,Marketing,Clerk,2020/02/20,F,name@company.org,555-555-5555
761, alice ,30.0,70000,Female,IT,Clerk,2019.12.01,A,email@example.com,555-555-5555
762, jack ,30.0,50000,Female,Sales,Assistant,03-25-2019,B,email@example.com,123-456-7890
763, ivy ,35.0,50000,Other,Marketing,Clerk,2020/02/20,A,user@domain.com,555-555-5555
764, jack ,25.0,50140,Other,Marketing,Analyst,"April 5, 2018",C,user@domain.com,098-765-4321
765, ivy ,35.0,65000,Male,IT,Analyst,"April 5, 2018",B,user@domain.com,555-555-5555
766, ivy ,40.0,65000,Other,Sales,Clerk,2020/02/20,D,name@company.org,123-456-7890
767, frank ,35.0,60000,Male,Marketing,Clerk,01/15/2020,F,"user@domain,com",123-456-7890
768, hannah ,35.0,50140,Female,Marketing,Analyst,2020/02/20,C,"user@domain,com",098-765-4321
769, alice ,50.0,50140,Other,HR,Clerk,2020/02/20,B,"user@domain,com",123-456-7890
770, jack ,25.0,65000,Male,Marketing,Clerk,01/15/2020,A,name@company.org,-8110
771, david ,50.0,60000,Male,HR,Assistant,01/15/2020,F,name@company.org, 
772, alice ,25.0,50000,Female,Sales,Manager,03-25-2019,A,user@domain.com,555-555-5555
773, hannah ,25.0,55000,Other,Sales,Analyst,03-25-2019,B,email@example.com,-8110
774, alice ,30.0,70000,Female,Sales,Assistant,01/15/2020,B,"user@domain,com",555-555-5555
775, charlie ,35.0,50000,Male,Finance,Manager,"April 5, 2018",C,"user@domain,com",-8110
776, david ,30.0,65000,Male,Sales,Clerk,"April 5, 2018",D,email@example.com,555-555-5555
777, hannah ,35.0,70000,Other,Marketing,Clerk,2020/02/20,A,user@domain.com,098-765-4321
778, frank ,50.0,55000,Male,IT,Assistant,2019.12.01,C,email@example.com,123-456-7890
779, jack ,35.0,55000,Other,HR,Clerk,2020/02/20,F,email@example.com,123-456-7890
780, grace ,50.0,60000,Female,Finance,Director,2020/02/20,D,"user@domain,com",098-765-4321
781, hannah ,35.0,70000,Other,Sales,Assistant,2019.12.01,C,user@domain.com,-8110
782, bob ,35.0,60000,Other,Sales,Manager,01/15/2020,A,name@company.org, 
783, jack ,35.0,50000,Male,IT,Assistant,"April 5, 2018",B,"user@domain,com",-8110
784, hannah ,35.0,50140,Male,IT,Analyst,2020/02/20,F,name@company.org,123-456-7890
785, charlie ,50.0,50140,Other,Finance,Assistant,2019.12.01,A,user@domain.com, 
786, grace ,30.0,50140,Male,HR,Clerk,03-25-2019,D,email@example.com,555-555-5555
787, charlie ,50.0,70000,Male,Sales,Clerk,2020/02/20,D,"user@domain,com", 
788, grace ,30.0,50140,Male,Finance,Director,"April 5, 2018",B,"user@domain,com",-8110
789, bob ,35.0,50000,Other,Marketing,Director,01/15/2020,B,user@domain.com,098-765-4321
790, jack ,25.0,60000,Male,Marketing,Director,2020/02/20,F,"user@domain,com",555-555-5555
791, frank ,35.0,70000,Other,Finance,Manager,2020/02/20,F,name@company.org,-8110
792, charlie ,30.0,60000,Male,Sales,Director,2019.12.01,B,"user@domain,com",555-555-5555
793, charlie ,50.0,70000,Female,Finance,Manager,03-25-2019,B,user@domain.com, 
794, ivy ,35.0,60000,Male,Sales,Director,03-25-2019,D,user@domain.com,123-456-7890
795, grace ,30.0,55000,Male,IT,Manager,01/15/2020,B,name@company.org,-8110
796, eve ,50.0,60000,Other,Finance,Assistant,"April 5, 2018",C,"user@domain,com",098-765-4321
797, jack ,35.0,50140,Other,Sales,Assistant,01/15/2020,A,"user@domain,com", 
798, grace ,35.0,55000,Male,Finance,Clerk,2020/02/20,B,email@example.com,-8110
799, ivy ,40.0,60000,Female,Finance,Manager,2020/02/20,F,"user@domain,com",098-765-4321
800, alice ,25.0,70000,Male,Sales,Analyst,03-25-2019,C,user@domain.com,-8110
801, grace ,40.0,70000,Male,Sales,Clerk,"April 5, 2018",F,email@example.com, 
802, frank ,35.0,70000,Female,HR,Assistant,2019.12.01,C,user@domain.com,-8110
803, jack ,30.0,65000,Other,Finance,Manager,"April 5, 2018",B,email@example.com,555-555-5555
804, ivy ,35.0,50000,Male,Marketing,Director,2020/02/20,A,"user@domain,com", 
805, alice ,50.0,70000,Other,Finance,Analyst,2019.12.01,F,email@example.com,-8110
806, david ,35.0,55000,Other,Finance,Assistant,"April 5, 2018",C,user@domain.com,123-456-7890
807, ivy ,40.0,70000,Female,Sales,Clerk,"April 5, 2018",D,"user@domain,com",-8110
808, david ,40.0,65000,Female,Finance,Manager,2019.12.01,B,user@domain.com,555-555-5555
809, jack ,40.0,50140,Other,Finance,Analyst,2020/02/20,A,name@company.org,098-765-4321
810, charlie ,35.0,55000,Male,Marketing,Manager,"April 5, 2018",B,name@company.org,098-765-4321
811, ivy ,35.0,65000,Other,Sales,Director,2019.12.01,D,name@company.org,098-765-4321
812, bob ,30.0,50140,Male,Finance,Clerk,2020/02/20,A,name@company.org,123-456-7890
813, david ,50.0,55000,Male,IT,Manager,2019.12.01,D,"user@domain,com",555-555-5555
814, frank ,30.0,60000,Female,HR,Assistant,2019.12.01,B,"user@domain,com", 
815, bob ,35.0,50000,Male,Marketing,Clerk,"April 5, 2018",C,"user@domain,com",098-765-4321
816, hannah ,50.0,50000,Male,Finance,Assistant,2020/02/20,B,user@domain.com,555-555-5555
817, hannah ,40.0,65000,Other,IT,Manager,"April 5, 2018",B,email@example.com,-8110
818, alice ,25.0,50140,Female,Finance,Clerk,01/15/2020,B,user@domain.com,123-456-7890
819, charlie ,35.0,50000,Male,Finance,Assistant,01/15/2020,F,user@domain.com,555-555-5555
820, jack ,35.0,50140,Male,Sales,Director,2020/02/20,D,user@domain.com,555-555-5555
821, ivy ,35.0,50140,Female,Sales,Director,2019.12.01,D,user@domain.com, 
822, eve ,30.0,65000,Other,Sales,Manager,"April 5, 2018",D,"user@domain,com",555-555-5555
823, frank ,35.0,65000,Female,IT,Clerk,"April 5, 2018",F,email@example.com, 
824, david ,35.0,65000,Female,Finance,Analyst,2020/02/20,C,user@domain.com,123-456-7890
825, jack ,40.0,50000,Male,HR,Clerk,2020/02/20,B,"user@domain,com",123-456-7890
826, bob ,40.0,65000,Male,Marketing,Director,01/15/2020,C,user@domain.com,-8110
827, hannah ,50.0,50000,Other,Sales,Assistant,03-25-2019,F,name@company.org, 
828, frank ,25.0,65000,Male,Sales,Analyst,2020/02/20,D,user@domain.com, 
829, eve ,35.0,70000,Male,Finance,Manager,03-25-2019,B,user@domain.com,098-765-4321
830, ivy ,25.0,50140,Female,Finance,Analyst,2020/02/20,A,"user@domain,com",098-765-4321
831, alice ,50.0,65000,Male,IT,Manager,2019.12.01,A,name@company.org,-8110
832, eve ,40.0,55000,Other,IT,Analyst,2019.12.01,C,email@example.com,123-456-7890
833, frank ,30.0,50140,Female,Sales,Manager,01/15/2020,D,user@domain.com,098-765-4321
834, eve ,40.0,50140,Other,Finance,Manager,01/15/2020,A,email@example.com,555-555-5555
835, frank ,35.0,65000,Female,HR,Analyst,03-25-2019,C,name@company.org,123-456-7890
836, frank ,40.0,60000,Male,Marketing,Analyst,2020/02/20,F,user@domain.com,555-555-5555
837, grace ,35.0,65000,Female,Finance,Manager,"April 5, 2018",C,"user@domain,com", 
838, david ,35.0,50140,Female,Finance,Director,01/15/2020,C,"user@domain,com",123-456-7890
839, hannah ,35.0,55000,Male,IT,Analyst,"April 5, 2018",C,"user@domain,com",-8110
840, grace ,50.0,50140,Male,Marketing,Clerk,"April 5, 2018",B,"user@domain,com", 
841, ivy ,35.0,55000,Other,Sales,Assistant,2020/02/20,C,"user@domain,com", 
842, grace ,35.0,50000,Other,Finance,Manager,03-25-2019,C,"user@domain,com",555-555-5555
843, charlie ,30.0,70000,Male,Sales,Manager,2020/02/20,B,"user@domain,com", 
844, charlie ,25.0,50140,Male,Finance,Assistant,01/15/2020,B,user@domain.com,098-765-4321
845, hannah ,35.0,65000,Male,Sales,Director,"April 5, 2018",F,email@example.com,123-456-7890
846, eve ,25.0,50000,Female,Marketing,Assistant,2020/02/20,D,email@example.com,098-765-4321
847, david ,35.0,70000,Female,IT,Analyst,2020/02/20,A,"user@domain,com",555-555-5555
848, hannah ,30.0,65000,Female,Marketing,Assistant,2020/02/20,A,"user@domain,com",555-555-5555
849, frank ,40.0,60000,Male,HR,Manager,01/15/2020,C,name@company.org,123-456-7890
850, bob ,30.0,65000,Other,IT,Assistant,03-25-2019,F,"user@domain,com", 
851, david ,35.0,55000,Male,Marketing,Clerk,2020/02/20,C,"user@domain,com",-8110
852, david ,30.0,55000,Female,HR,Analyst,01/15/2020,A,"user@domain,com",555-555-5555
853, frank ,30.0,60000,Female,Finance,Assistant,"April 5, 2018",B,user@domain.com,123-456-7890
854, frank ,35.0,50000,Male,Finance,Manager,2019.12.01,D,user@domain.com,-8110
855, alice ,50.0,70000,Male,Sales,Analyst,01/15/2020,F,email@example.com, 
856, hannah ,30.0,65000,Female,IT,Manager,2019.12.01,B,email@example.com,555-555-5555
857, frank ,35.0,55000,Female,Finance,Director,2020/02/20,D,name@company.org,123-456-7890
858, charlie ,35.0,50000,Female,IT,Clerk,2020/02/20,F,name@company.org,123-456-7890
859, ivy ,30.0,60000,Male,Finance,Director,01/15/2020,F,name@company.org,123-456-7890
860, bob ,50.0,50140,Female,Sales,Clerk,2019.12.01,A,name@company.org,555-555-5555
861, hannah ,40.0,55000,Female,Marketing,Assistant,2020/02/20,B,"user@domain,com",-8110
862, jack ,35.0,60000,Other,Sales,Analyst,"April 5, 2018",F,"user@domain,com",123-456-7890
863, charlie ,35.0,65000,Male,HR,Assistant,03-25-2019,F,email@example.com, 
864, eve ,40.0,70000,Other,Finance,Clerk,03-25-2019,D,user@domain.com,123-456-7890
865, frank ,30.0,55000,Other,HR,Clerk,2020/02/20,A,user@domain.com,-8110
866, jack ,40.0,55000,Female,HR,Clerk,2019.12.01,C,"user@domain,com",555-555-5555
867, frank ,25.0,65000,Male,IT,Manager,2020/02/20,A,"user@domain,com",123-456-7890
868, david ,35.0,50140,Female,Finance,Analyst,2019.12.01,C,name@company.org,123-456-7890
869, charlie ,30.0,50000,Male,HR,Assistant,"April 5, 2018",B,name@company.org, 
870, david ,35.0,70000,Other,Marketing,Assistant,2019.12.01,B,"user@domain,com", 
871, alice ,50.0,55000,Male,HR,Director,2020/02/20,F,user@domain.com,123-456-7890
872, david ,30.0,70000,Female,Marketing,Clerk,"April 5, 2018",B,name@company.org,123-456-7890
873, alice ,35.0,55000,Female,IT,Clerk,01/15/2020,F,user@domain.com, 
874, alice ,50.0,70000,Female,HR,Clerk,03-25-2019,A,"user@domain,com",-8110
875, jack ,50.0,60000,Male,Sales,Assistant,2020/02/20,B,user@domain.com,098-765-4321
876, frank ,30.0,55000,Other,IT,Director,2020/02/20,A,user@domain.com,098-765-4321
877, eve ,40.0,70000,Other,Marketing,Manager,2020/02/20,A,user@domain.com,123-456-7890
878, david ,40.0,50000,Male,IT,Analyst,"April 5, 2018",B,name@company.org, 
879, charlie ,50.0,60000,Female,HR,Manager,01/15/2020,A,email@example.com,555-555-5555
880, alice ,40.0,60000,Other,Finance,Assistant,2019.12.01,B,"user@domain,com",555-555-5555
881, frank ,25.0,50000,Female,Finance,Clerk,01/15/2020,B,user@domain.com,098-765-4321
882, bob ,50.0,70000,Male,Marketing,Analyst,"April 5, 2018",B,user@domain.com,-8110
883, hannah ,50.0,65000,Female,Marketing,Assistant,2020/02/20,C,user@domain.com,098-765-4321
884, jack ,35.0,50000,Other,Finance,Assistant,03-25-2019,A,email@example.com,123-456-7890
885, eve ,40.0,70000,Other,Marketing,Assistant,2020/02/20,D,"user@domain,com",-8110
886, grace ,50.0,50000,Female,IT,Analyst,2019.12.01,B,name@company.org,555-555-5555
887, jack ,25.0,50000,Male,Sales,Analyst,03-25-2019,A,email@example.com, 
888, bob ,35.0,55000,Female,Sales,Director,2020/02/20,F,user@domain.com, 
889, hannah ,30.0,70000,Male,IT,Director,03-25-2019,B,email@example.com,123-456-7890
890, bob ,50.0,65000,Female,Sales,Manager,01/15/2020,B,email@example.com,098-765-4321
891, david ,25.0,55000,Other,HR,Analyst,"April 5, 2018",D,email@example.com,123-456-7890
892, alice ,35.0,50000,Male,IT,Analyst,2020/02/20,C,"user@domain,com", 
893, eve ,25.0,50140,Male,Marketing,Analyst,2019.12.01,C,"user@domain,com",555-555-5555
894, ivy ,25.0,50000,Male,IT,Director,01/15/2020,B,name@company.org, 
895, alice ,35.0,50000,Other,Finance,Assistant,2020/02/20,A,"user@domain,com",-8110
896, ivy ,30.0,70000,Female,Marketing,Clerk,01/15/2020,F,"user@domain,com", 
897, hannah ,35.0,70000,Other,Finance,Director,2019.12.01,F,"user@domain,com", 
898, frank ,40.0,55000,Male,Marketing,Analyst,2020/02/20,A,"user@domain,com",-8110
899, grace ,40.0,65000,Female,Sales,Director,2019.12.01,B,email@example.com,098-765-4321
900, charlie ,25.0,55000,Other,IT,Manager,03-25-2019,F,email@example.com, 
901, alice ,35.0,60000,Male,HR,Analyst,2019.12.01,C,user@domain.com,123-456-7890
902, eve ,35.0,50000,Male,Marketing,Manager,03-25-2019,A,"user@domain,com", 
903, bob ,40.0,50140,Other,Marketing,Analyst,2020/02/20,D,user@domain.com,123-456-7890
904, eve ,35.0,50000,Other,Finance,Director,03-25-2019,B,name@company.org,-8110
905, hannah ,30.0,50000,Other,Sales,Assistant,2020/02/20,A,email@example.com, 
906, ivy ,35.0,55000,Male,Finance,Clerk,2020/02/20,F,name@company.org,-8110
907, bob ,50.0,50140,Other,Finance,Manager,"April 5, 2018",B,"user@domain,com",-8110
908, charlie ,50.0,50140,Male,Sales,Director,2020/02/20,C,email@example.com,098-765-4321
909, charlie ,30.0,50140,Other,HR,Assistant,03-25-2019,B,name@company.org, 
910, alice ,40.0,55000,Male,Finance,Director,"April 5, 2018",B,"user@domain,com",123-456-7890
911, hannah ,30.0,50000,Male,Finance,Manager,"April 5, 2018",C,name@company.org,123-456-7890
912, frank ,35.0,55000,Female,Marketing,Clerk,2020/02/20,C,"user@domain,com", 
913, hannah ,50.0,70000,Other,Sales,Director,2019.12.01,B,"user@domain,com",098-765-4321
914, ivy ,25.0,70000,Other,IT,Analyst,2019.12.01,C,email@example.com,098-765-4321
915, eve ,25.0,55000,Male,HR,Assistant,"April 5, 2018",A,user@domain.com,098-765-4321
916, charlie ,40.0,50140,Male,HR,Director,2020/02/20,C,"user@domain,com",123-456-7890
917, eve ,35.0,50000,Male,Sales,Assistant,2019.12.01,C,"user@domain,com",-8110
918, eve ,35.0,55000,Female,Marketing,Analyst,2020/02/20,B,email@example.com,098-765-4321
919, eve ,35.0,55000,Female,Marketing,Clerk,2020/02/20,A,user@domain.com,123-456-7890
920, charlie ,25.0,55000,Male,Sales,Clerk,"April 5, 2018",D,"user@domain,com",123-456-7890
921, jack ,25.0,60000,Other,Marketing,Analyst,"April 5, 2018",D,"user@domain,com",-8110
922, david ,50.0,70000,Other,HR,Assistant,01/15/2020,F,user@domain.com, 
923, ivy ,35.0,50140,Female,HR,Director,2019.12.01,C,name@company.org, 
924, jack ,35.0,65000,Female,IT,Analyst,2019.12.01,C,email@example.com,098-765-4321
925, ivy ,25.0,50140,Male,Sales,Manager,2019.12.01,A,user@domain.com,098-765-4321
926, bob ,35.0,65000,Other,Finance,Assistant,03-25-2019,D,"user@domain,com",-8110
927, hannah ,40.0,60000,Male,Finance,Clerk,2020/02/20,F,"user@domain,com",098-765-4321
928, hannah ,40.0,55000,Female,IT,Analyst,"April 5, 2018",A,"user@domain,com",-8110
929, grace ,35.0,60000,Other,IT,Clerk,2019.12.01,C,"user@domain,com",123-456-7890
930, hannah ,40.0,60000,Other,Marketing,Assistant,01/15/2020,D,email@example.com,098-765-4321
931, charlie ,25.0,50000,Female,IT,Clerk,2019.12.01,F,"user@domain,com",123-456-7890
932, frank ,25.0,70000,Male,IT,Analyst,2020/02/20,B,user@domain.com,555-555-5555
933, alice ,35.0,65000,Male,Finance,Assistant,2020/02/20,D,"user@domain,com",-8110
934, grace ,35.0,55000,Other,Marketing,Manager,"April 5, 2018",F,name@company.org,555-555-5555
935, alice ,50.0,65000,Female,IT,Analyst,03-25-2019,A,user@domain.com,098-765-4321
936, ivy ,35.0,50140,Other,IT,Director,"April 5, 2018",B,email@example.com,123-456-7890
937, alice ,35.0,65000,Female,Marketing,Analyst,2019.12.01,F,user@domain.com,098-765-4321
938, alice ,40.0,50140,Male,Sales,Assistant,01/15/2020,F,name@company.org,555-555-5555
939, grace ,35.0,70000,Female,Marketing,Analyst,"April 5, 2018",C,email@example.com,098-765-4321
940, bob ,30.0,50140,Male,Finance,Manager,03-25-2019,D,"user@domain,com", 
941, eve ,50.0,65000,Female,Sales,Manager,"April 5, 2018",C,name@company.org,555-555-5555
942, hannah ,30.0,65000,Other,HR,Director,2020/02/20,B,email@example.com,098-765-4321
943, hannah ,25.0,50140,Male,Marketing,Clerk,2019.12.01,F,"user@domain,com",123-456-7890
944, charlie ,40.0,60000,Other,Finance,Assistant,2019.12.01,C,user@domain.com,098-765-4321
945, grace ,35.0,70000,Other,Sales,Assistant,2019.12.01,D,email@example.com,123-456-7890
946, charlie ,30.0,50000,Male,Marketing,Clerk,2019.12.01,B,user@domain.com, 
947, frank ,40.0,55000,Male,IT,Manager,2019.12.01,A,"user@domain,com",098-765-4321
948, frank ,25.0,65000,Other,Marketing,Manager,2019.12.01,C,email@example.com, 
949, charlie ,35.0,55000,Other,HR,Analyst,01/15/2020,B,"user@domain,com",555-555-5555
950, grace ,50.0,50000,Other,Marketing,Director,03-25-2019,A,name@company.org,123-456-7890
951, charlie ,40.0,55000,Other,Sales,Director,2019.12.01,C,email@example.com,555-555-5555
952, hannah ,40.0,50000,Male,Sales,Director,03-25-2019,B,"user@domain,com",123-456-7890
953, jack ,35.0,50140,Male,Marketing,Analyst,2019.12.01,B,email@example.com, 
954, david ,40.0,60000,Other,Sales,Director,"April 5, 2018",C,user@domain.com,-8110
955, alice ,25.0,65000,Female,IT,Clerk,2019.12.01,B,email@example.com,098-765-4321
956, david ,25.0,50000,Female,Marketing,Analyst,2020/02/20,F,"user@domain,com", 
957, grace ,35.0,55000,Male,IT,Clerk,01/15/2020,C,email@example.com,123-456-7890
958, david ,50.0,65000,Other,IT,Analyst,"April 5, 2018",B,name@company.org,123-456-7890
959, frank ,35.0,60000,Other,Finance,Director,"April 5, 2018",A,email@example.com,123-456-7890
960, ivy ,30.0,50140,Male,Marketing,Clerk,2020/02/20,A,user@domain.com,123-456-7890
961, alice ,35.0,65000,Female,Sales,Clerk,2019.12.01,F,email@example.com,098-765-4321
962, eve ,40.0,50000,Female,IT,Clerk,01/15/2020,C,"user@domain,com",555-555-5555
963, grace ,30.0,60000,Female,Finance,Analyst,"April 5, 2018",B,"user@domain,com",-8110
964, alice ,35.0,55000,Male,Marketing,Assistant,01/15/2020,B,email@example.com,098-765-4321
965, david ,35.0,60000,Female,Marketing,Director,"April 5, 2018",A,email@example.com,123-456-7890
966, frank ,50.0,60000,Male,HR,Clerk,2019.12.01,F,name@company.org,098-765-4321
967, bob ,30.0,70000,Male,HR,Assistant,"April 5, 2018",A,"user@domain,com", 
968, jack ,25.0,60000,Other,IT,Director,"April 5, 2018",A,"user@domain,com",123-456-7890
969, eve ,30.0,60000,Female,HR,Director,03-25-2019,F,user@domain.com,-8110
970, jack ,40.0,65000,Male,IT,Clerk,2019.12.01,C,email@example.com,123-456-7890
971, alice ,25.0,55000,Female,Sales,Clerk,2020/02/20,B,"user@domain,com",-8110
972, frank ,35.0,65000,Female,IT,Analyst,2020/02/20,C,user@domain.com,-8110
973, frank ,30.0,65000,Other,HR,Assistant,2019.12.01,D,"user@domain,com",555-555-5555
974, david ,35.0,50000,Female,Sales,Assistant,2020/02/20,D,"user@domain,com",555-555-5555
975, hannah ,50.0,65000,Other,HR,Clerk,2019.12.01,D,"user@domain,com",098-765-4321
976, david ,35.0,70000,Male,IT,Director,2020/02/20,F,user@domain.com,098-765-4321
977, hannah ,50.0,70000,Female,Finance,Clerk,03-25-2019,A,"user@domain,com",-8110
978, hannah ,40.0,50000,Male,Marketing,Director,2020/02/20,C,"user@domain,com",123-456-7890
979, eve ,35.0,50140,Female,HR,Director,"April 5, 2018",B,"user@domain,com", 
980, david ,30.0,55000,Male,IT,Clerk,2019.12.01,D,"user@domain,com", 
981, bob ,30.0,55000,Female,Sales,Manager,01/15/2020,C,"user@domain,com",123-456-7890
982, charlie ,35.0,65000,Female,HR,Assistant,01/15/2020,D,name@company.org,123-456-7890
983, charlie ,30.0,65000,Female,HR,Director,2019.12.01,D,user@domain.com,555-555-5555
984, david ,40.0,50140,Female,Marketing,Director,03-25-2019,B,"user@domain,com", 
985, david ,25.0,65000,Female,IT,Manager,2020/02/20,F,"user@domain,com",-8110
986, jack ,40.0,55000,Female,Finance,Analyst,03-25-2019,A,user@domain.com,098-765-4321
987, eve ,50.0,60000,Female,Sales,Manager,01/15/2020,F,user@domain.com,555-555-5555
988, david ,40.0,70000,Female,IT,Manager,2019.12.01,C,user@domain.com, 
989, jack ,50.0,60000,Female,Sales,Director,2019.12.01,F,user@domain.com,123-456-7890
990, hannah ,30.0,60000,Male,HR,Assistant,03-25-2019,C,email@example.com, 
991, frank ,25.0,55000,Other,Marketing,Manager,03-25-2019,C,"user@domain,com",-8110
992, frank ,30.0,60000,Female,Marketing,Analyst,2020/02/20,A,email@example.com,555-555-5555
993, hannah ,35.0,50140,Other,Finance,Clerk,"April 5, 2018",B,"user@domain,com",123-456-7890
994, grace ,30.0,50000,Female,Marketing,Manager,"April 5, 2018",A,"user@domain,com",-8110
995, jack ,50.0,65000,Female,HR,Manager,2020/02/20,F,"user@domain,com",098-765-4321
996, jack ,30.0,50000,Male,Finance,Analyst,"April 5, 2018",C,"user@domain,com",555-555-5555
997, hannah ,30.0,70000,Male,IT,Assistant,01/15/2020,D,user@domain.com,-8110
998, bob ,25.0,65000,Other,Marketing,Manager,"April 5, 2018",D,email@example.com,-8110
999, ivy ,30.0,60000,Male,Finance,Manager,2020/02/20,C,user@domain.com,123-456-7890
